[
  {
    "task_id": "adapt_Human_4_13_2023 Jack_0",
    "subject": "Human",
    "user": "4_13_2023 Jack",
    "support": [
      "Human_4_13_2023 Jack_swr_HP_737022"
    ],
    "query": [
      "Human_4_13_2023 Jack_sneak2_HP_729020",
      "Human_4_13_2023 Jack_run_HP_717010",
      "Human_4_13_2023 Jack_swr_HP_732002",
      "Human_4_13_2023 Jack_run_HP_716011",
      "Human_4_13_2023 Jack_sneak2_HP_729006",
      "Human_4_13_2023 Jack_sneak_HP_723008",
      "Human_4_13_2023 Jack_sneak2_HP_730034",
      "Human_4_13_2023 Jack_sneak2_HP_729013",
      "Human_4_13_2023 Jack_sneak2_HP_731020",
      "Human_4_13_2023 Jack_run_HP_714003",
      "Human_4_13_2023 Jack_sneak_HP_725006",
      "Human_4_13_2023 Jack_sneak2_HP_730012",
      "Human_4_13_2023 Jack_sneak2_HP_728004",
      "Human_4_13_2023 Jack_sneak_HP_723000",
      "Human_4_13_2023 Jack_sneak2_HP_726020"
    ]
  },
  {
    "task_id": "adapt_Human_4_13_2023 Jack_1",
    "subject": "Human",
    "user": "4_13_2023 Jack",
    "support": [
      "Human_4_13_2023 Jack_sneak_HP_722010"
    ],
    "query": [
      "Human_4_13_2023 Jack_swr_HP_734007",
      "Human_4_13_2023 Jack_walk_HP_740020",
      "Human_4_13_2023 Jack_swr_HP_736023",
      "Human_4_13_2023 Jack_sneak2_HP_730018",
      "Human_4_13_2023 Jack_sneak2_HP_730016",
      "Human_4_13_2023 Jack_sneak2_HP_727012",
      "Human_4_13_2023 Jack_sneak_HP_721008",
      "Human_4_13_2023 Jack_swr_HP_737022",
      "Human_4_13_2023 Jack_sneak2_HP_728014",
      "Human_4_13_2023 Jack_walk_HP_740011",
      "Human_4_13_2023 Jack_walk_HP_741017",
      "Human_4_13_2023 Jack_sneak_HP_724005",
      "Human_4_13_2023 Jack_sneak_HP_721011",
      "Human_4_13_2023 Jack_swr_HP_737010",
      "Human_4_13_2023 Jack_sneak2_HP_726019"
    ]
  },
  {
    "task_id": "adapt_Human_4_13_2023 Jack_2",
    "subject": "Human",
    "user": "4_13_2023 Jack",
    "support": [
      "Human_4_13_2023 Jack_walk_HP_739022"
    ],
    "query": [
      "Human_4_13_2023 Jack_run_HP_715009",
      "Human_4_13_2023 Jack_sneak2_HP_726019",
      "Human_4_13_2023 Jack_sneak2_HP_728013",
      "Human_4_13_2023 Jack_swr_HP_735030",
      "Human_4_13_2023 Jack_walk_HP_743000",
      "Human_4_13_2023 Jack_sneak2_HP_728023",
      "Human_4_13_2023 Jack_run_HP_717009",
      "Human_4_13_2023 Jack_sneak2_HP_726002",
      "Human_4_13_2023 Jack_walk_HP_739014",
      "Human_4_13_2023 Jack_swr_HP_737006",
      "Human_4_13_2023 Jack_sneak2_HP_726024",
      "Human_4_13_2023 Jack_swr_HP_733032",
      "Human_4_13_2023 Jack_walk_HP_742009",
      "Human_4_13_2023 Jack_sneak2_HP_727031",
      "Human_4_13_2023 Jack_walk_HP_741010"
    ]
  },
  {
    "task_id": "adapt_Human_4_13_2023 Jack_3",
    "subject": "Human",
    "user": "4_13_2023 Jack",
    "support": [
      "Human_4_13_2023 Jack_walk_HP_738011"
    ],
    "query": [
      "Human_4_13_2023 Jack_swr_HP_732005",
      "Human_4_13_2023 Jack_sneak2_HP_730034",
      "Human_4_13_2023 Jack_sneak_HP_721009",
      "Human_4_13_2023 Jack_run_HP_715011",
      "Human_4_13_2023 Jack_walk_HP_739007",
      "Human_4_13_2023 Jack_swr_HP_732014",
      "Human_4_13_2023 Jack_walk_HP_740000",
      "Human_4_13_2023 Jack_sneak2_HP_729021",
      "Human_4_13_2023 Jack_swr_HP_734007",
      "Human_4_13_2023 Jack_walk_HP_738013",
      "Human_4_13_2023 Jack_swr_HP_734019",
      "Human_4_13_2023 Jack_walk_HP_743010",
      "Human_4_13_2023 Jack_sneak_HP_721022",
      "Human_4_13_2023 Jack_sneak_HP_725012",
      "Human_4_13_2023 Jack_swr_HP_734030"
    ]
  },
  {
    "task_id": "adapt_Human_4_13_2023 Jack_4",
    "subject": "Human",
    "user": "4_13_2023 Jack",
    "support": [
      "Human_4_13_2023 Jack_sneak2_HP_731013"
    ],
    "query": [
      "Human_4_13_2023 Jack_sneak2_HP_728000",
      "Human_4_13_2023 Jack_swr_HP_735027",
      "Human_4_13_2023 Jack_sneak2_HP_730006",
      "Human_4_13_2023 Jack_sneak2_HP_726030",
      "Human_4_13_2023 Jack_walk_HP_739003",
      "Human_4_13_2023 Jack_walk_HP_742020",
      "Human_4_13_2023 Jack_run_HP_717008",
      "Human_4_13_2023 Jack_swr_HP_734010",
      "Human_4_13_2023 Jack_walk_HP_742005",
      "Human_4_13_2023 Jack_sneak2_HP_731027",
      "Human_4_13_2023 Jack_sneak_HP_721020",
      "Human_4_13_2023 Jack_swr_HP_735002",
      "Human_4_13_2023 Jack_walk_HP_741002",
      "Human_4_13_2023 Jack_walk_HP_742019",
      "Human_4_13_2023 Jack_run_HP_714004"
    ]
  },
  {
    "task_id": "adapt_Human_4_13_2023 Joe_0",
    "subject": "Human",
    "user": "4_13_2023 Joe",
    "support": [
      "Human_4_13_2023 Joe_run_HP_748009"
    ],
    "query": [
      "Human_4_13_2023 Joe_swr_HP_758003",
      "Human_4_13_2023 Joe_walk_HP_763023",
      "Human_4_13_2023 Joe_walk_HP_762000",
      "Human_4_13_2023 Joe_sneak_HP_750023",
      "Human_4_13_2023 Joe_walk_HP_765017",
      "Human_4_13_2023 Joe_walk_HP_764000",
      "Human_4_13_2023 Joe_swr_HP_758025",
      "Human_4_13_2023 Joe_swr_HP_760004",
      "Human_4_13_2023 Joe_sneak_HP_750005",
      "Human_4_13_2023 Joe_walk_HP_766015",
      "Human_4_13_2023 Joe_run_HP_745002",
      "Human_4_13_2023 Joe_swr_HP_761025",
      "Human_4_13_2023 Joe_swr_HP_758018",
      "Human_4_13_2023 Joe_swr_HP_760009",
      "Human_4_13_2023 Joe_swr_HP_760020"
    ]
  },
  {
    "task_id": "adapt_Human_4_13_2023 Joe_1",
    "subject": "Human",
    "user": "4_13_2023 Joe",
    "support": [
      "Human_4_13_2023 Joe_swr_HP_756005"
    ],
    "query": [
      "Human_4_13_2023 Joe_run_HP_744002",
      "Human_4_13_2023 Joe_swr_HP_760009",
      "Human_4_13_2023 Joe_swr_HP_757030",
      "Human_4_13_2023 Joe_run_HP_747005",
      "Human_4_13_2023 Joe_sneak_HP_752011",
      "Human_4_13_2023 Joe_swr_HP_756031",
      "Human_4_13_2023 Joe_sneak_HP_750023",
      "Human_4_13_2023 Joe_walk_HP_767014",
      "Human_4_13_2023 Joe_walk_HP_764021",
      "Human_4_13_2023 Joe_sneak_HP_752013",
      "Human_4_13_2023 Joe_walk_HP_767004",
      "Human_4_13_2023 Joe_swr_HP_760000",
      "Human_4_13_2023 Joe_sneak_HP_754002",
      "Human_4_13_2023 Joe_walk_HP_766011",
      "Human_4_13_2023 Joe_walk_HP_763022"
    ]
  },
  {
    "task_id": "adapt_Human_4_13_2023 Joe_2",
    "subject": "Human",
    "user": "4_13_2023 Joe",
    "support": [
      "Human_4_13_2023 Joe_swr_HP_757030"
    ],
    "query": [
      "Human_4_13_2023 Joe_sneak_HP_755023",
      "Human_4_13_2023 Joe_run_HP_748010",
      "Human_4_13_2023 Joe_swr_HP_761032",
      "Human_4_13_2023 Joe_sneak_HP_752014",
      "Human_4_13_2023 Joe_sneak_HP_753016",
      "Human_4_13_2023 Joe_swr_HP_756024",
      "Human_4_13_2023 Joe_swr_HP_759014",
      "Human_4_13_2023 Joe_sneak_HP_751002",
      "Human_4_13_2023 Joe_sneak_HP_755017",
      "Human_4_13_2023 Joe_swr_HP_760010",
      "Human_4_13_2023 Joe_run_HP_746009",
      "Human_4_13_2023 Joe_walk_HP_764009",
      "Human_4_13_2023 Joe_swr_HP_760001",
      "Human_4_13_2023 Joe_walk_HP_765010",
      "Human_4_13_2023 Joe_swr_HP_761024"
    ]
  },
  {
    "task_id": "adapt_Human_4_13_2023 Joe_3",
    "subject": "Human",
    "user": "4_13_2023 Joe",
    "support": [
      "Human_4_13_2023 Joe_walk_HP_764017"
    ],
    "query": [
      "Human_4_13_2023 Joe_walk_HP_767013",
      "Human_4_13_2023 Joe_swr_HP_759022",
      "Human_4_13_2023 Joe_walk_HP_766006",
      "Human_4_13_2023 Joe_swr_HP_759012",
      "Human_4_13_2023 Joe_sneak_HP_752015",
      "Human_4_13_2023 Joe_swr_HP_756033",
      "Human_4_13_2023 Joe_sneak_HP_752018",
      "Human_4_13_2023 Joe_sneak_HP_753021",
      "Human_4_13_2023 Joe_walk_HP_764012",
      "Human_4_13_2023 Joe_swr_HP_759033",
      "Human_4_13_2023 Joe_swr_HP_761022",
      "Human_4_13_2023 Joe_run_HP_744003",
      "Human_4_13_2023 Joe_swr_HP_757028",
      "Human_4_13_2023 Joe_swr_HP_756006",
      "Human_4_13_2023 Joe_swr_HP_760012"
    ]
  },
  {
    "task_id": "adapt_Human_4_13_2023 Joe_4",
    "subject": "Human",
    "user": "4_13_2023 Joe",
    "support": [
      "Human_4_13_2023 Joe_sneak_HP_750004"
    ],
    "query": [
      "Human_4_13_2023 Joe_swr_HP_760027",
      "Human_4_13_2023 Joe_walk_HP_765001",
      "Human_4_13_2023 Joe_run_HP_744009",
      "Human_4_13_2023 Joe_swr_HP_760015",
      "Human_4_13_2023 Joe_swr_HP_761024",
      "Human_4_13_2023 Joe_swr_HP_759025",
      "Human_4_13_2023 Joe_swr_HP_757023",
      "Human_4_13_2023 Joe_swr_HP_760012",
      "Human_4_13_2023 Joe_sneak_HP_754015",
      "Human_4_13_2023 Joe_walk_HP_762013",
      "Human_4_13_2023 Joe_swr_HP_759003",
      "Human_4_13_2023 Joe_walk_HP_763002",
      "Human_4_13_2023 Joe_sneak_HP_751008",
      "Human_4_13_2023 Joe_swr_HP_759015",
      "Human_4_13_2023 Joe_sneak_HP_750003"
    ]
  },
  {
    "task_id": "adapt_Human_Andrew_0",
    "subject": "Human",
    "user": "Andrew",
    "support": [
      "Human_Andrew_Intrusion_HP_464018"
    ],
    "query": [
      "Human_Andrew_Intrusion_HP_465001",
      "Human_Andrew_Walking_HP_482018",
      "Human_Andrew_Walking_HP_485006",
      "Human_Andrew_Intrusion_HP_464005",
      "Human_Andrew_Walking_HP_483022",
      "Human_Andrew_Walking_HP_480003",
      "Human_Andrew_Walking_HP_485005",
      "Human_Andrew_Walking_HP_482016",
      "Human_Andrew_Sneaking_HP_479011",
      "Human_Andrew_Intrusion_HP_463034",
      "Human_Andrew_Intrusion_HP_467008",
      "Human_Andrew_Intrusion_HP_467010",
      "Human_Andrew_Walking_HP_480012",
      "Human_Andrew_Intrusion_HP_464025",
      "Human_Andrew_Sneaking_HP_476022"
    ]
  },
  {
    "task_id": "adapt_Human_Andrew_1",
    "subject": "Human",
    "user": "Andrew",
    "support": [
      "Human_Andrew_Intrusion_HP_467026"
    ],
    "query": [
      "Human_Andrew_Walking_HP_485001",
      "Human_Andrew_Intrusion_HP_466015",
      "Human_Andrew_Running_HP_470009",
      "Human_Andrew_Walking_HP_485000",
      "Human_Andrew_Walking_HP_484013",
      "Human_Andrew_Intrusion_HP_467034",
      "Human_Andrew_Walking_HP_482002",
      "Human_Andrew_Sneaking_HP_476020",
      "Human_Andrew_Walking_HP_481020",
      "Human_Andrew_Intrusion_HP_466002",
      "Human_Andrew_Sneaking_HP_477006",
      "Human_Andrew_Running_HP_469007",
      "Human_Andrew_Walking_HP_482003",
      "Human_Andrew_Intrusion_HP_464031",
      "Human_Andrew_Sneaking_HP_474013"
    ]
  },
  {
    "task_id": "adapt_Human_Andrew_2",
    "subject": "Human",
    "user": "Andrew",
    "support": [
      "Human_Andrew_Walking_HP_483000"
    ],
    "query": [
      "Human_Andrew_Sneaking_HP_479003",
      "Human_Andrew_Intrusion_HP_462017",
      "Human_Andrew_Intrusion_HP_465010",
      "Human_Andrew_Sneaking_HP_475013",
      "Human_Andrew_Sneaking_HP_474004",
      "Human_Andrew_Walking_HP_482022",
      "Human_Andrew_Running_HP_468003",
      "Human_Andrew_Walking_HP_483023",
      "Human_Andrew_Running_HP_471007",
      "Human_Andrew_Sneaking_HP_475020",
      "Human_Andrew_Sneaking_HP_474016",
      "Human_Andrew_Walking_HP_483004",
      "Human_Andrew_Intrusion_HP_464021",
      "Human_Andrew_Sneaking_HP_479011",
      "Human_Andrew_Walking_HP_484018"
    ]
  },
  {
    "task_id": "adapt_Human_Andrew_3",
    "subject": "Human",
    "user": "Andrew",
    "support": [
      "Human_Andrew_Sneaking_HP_477001"
    ],
    "query": [
      "Human_Andrew_Walking_HP_485011",
      "Human_Andrew_Running_HP_472003",
      "Human_Andrew_Sneaking_HP_476009",
      "Human_Andrew_Walking_HP_485009",
      "Human_Andrew_Walking_HP_485006",
      "Human_Andrew_Sneaking_HP_476015",
      "Human_Andrew_Intrusion_HP_463007",
      "Human_Andrew_Walking_HP_481008",
      "Human_Andrew_Running_HP_469003",
      "Human_Andrew_Running_HP_473005",
      "Human_Andrew_Intrusion_HP_464002",
      "Human_Andrew_Intrusion_HP_463023",
      "Human_Andrew_Walking_HP_484011",
      "Human_Andrew_Intrusion_HP_466023",
      "Human_Andrew_Intrusion_HP_466000"
    ]
  },
  {
    "task_id": "adapt_Human_Andrew_4",
    "subject": "Human",
    "user": "Andrew",
    "support": [
      "Human_Andrew_Running_HP_471006"
    ],
    "query": [
      "Human_Andrew_Sneaking_HP_477020",
      "Human_Andrew_Sneaking_HP_477017",
      "Human_Andrew_Walking_HP_483010",
      "Human_Andrew_Intrusion_HP_467034",
      "Human_Andrew_Walking_HP_480009",
      "Human_Andrew_Walking_HP_485001",
      "Human_Andrew_Walking_HP_485019",
      "Human_Andrew_Walking_HP_484012",
      "Human_Andrew_Intrusion_HP_464014",
      "Human_Andrew_Sneaking_HP_478015",
      "Human_Andrew_Running_HP_468004",
      "Human_Andrew_Walking_HP_483015",
      "Human_Andrew_Intrusion_HP_465001",
      "Human_Andrew_Sneaking_HP_477023",
      "Human_Andrew_Walking_HP_483002"
    ]
  },
  {
    "task_id": "adapt_Human_Brendon_0",
    "subject": "Human",
    "user": "Brendon",
    "support": [
      "Human_Brendon_brendon_walk_HP_1552021"
    ],
    "query": [
      "Human_Brendon_brendon_all_HP_1542021",
      "Human_Brendon_Sneaking_HP_500018",
      "Human_Brendon_brendon_sneak_HP_1546009",
      "Human_Brendon_Intrusion_HP_490011",
      "Human_Brendon_Running_HP_495008",
      "Human_Brendon_brendon_all_HP_1540006",
      "Human_Brendon_Running_HP_492002",
      "Human_Brendon_brendon_all_HP_1543003",
      "Human_Brendon_Walking_HP_509003",
      "Human_Brendon_Intrusion_HP_486009",
      "Human_Brendon_brendon_walk_HP_1552011",
      "Human_Brendon_Walking_HP_508019",
      "Human_Brendon_Walking_HP_507011",
      "Human_Brendon_brendon_sneak_HP_1546007",
      "Human_Brendon_Walking_HP_508020"
    ]
  },
  {
    "task_id": "adapt_Human_Brendon_1",
    "subject": "Human",
    "user": "Brendon",
    "support": [
      "Human_Brendon_Walking_HP_504021"
    ],
    "query": [
      "Human_Brendon_brendon_sneak_HP_1548018",
      "Human_Brendon_Running_HP_492011",
      "Human_Brendon_Running_HP_494008",
      "Human_Brendon_brendon_all_HP_1543012",
      "Human_Brendon_brendon_walk_HP_1554022",
      "Human_Brendon_brendon_sneak_HP_1546006",
      "Human_Brendon_Running_HP_494011",
      "Human_Brendon_brendon_walk_HP_1557000",
      "Human_Brendon_brendon_walk_HP_1555001",
      "Human_Brendon_Sneaking_HP_500018",
      "Human_Brendon_Walking_HP_505003",
      "Human_Brendon_brendon_sneak_HP_1546005",
      "Human_Brendon_Walking_HP_507001",
      "Human_Brendon_brendon_all_HP_1544031",
      "Human_Brendon_brendon_all_HP_1541033"
    ]
  },
  {
    "task_id": "adapt_Human_Brendon_2",
    "subject": "Human",
    "user": "Brendon",
    "support": [
      "Human_Brendon_Sneaking_HP_502000"
    ],
    "query": [
      "Human_Brendon_Intrusion_HP_486031",
      "Human_Brendon_brendon_sneak_HP_1551007",
      "Human_Brendon_Intrusion_HP_491008",
      "Human_Brendon_Sneaking_HP_503000",
      "Human_Brendon_brendon_sneak_HP_1547009",
      "Human_Brendon_brendon_walk_HP_1557005",
      "Human_Brendon_brendon_all_HP_1541008",
      "Human_Brendon_Intrusion_HP_487034",
      "Human_Brendon_brendon_all_HP_1541011",
      "Human_Brendon_brendon_sneak_HP_1547002",
      "Human_Brendon_Intrusion_HP_486008",
      "Human_Brendon_Running_HP_494001",
      "Human_Brendon_Intrusion_HP_491000",
      "Human_Brendon_Intrusion_HP_489003",
      "Human_Brendon_Intrusion_HP_490011"
    ]
  },
  {
    "task_id": "adapt_Human_Brendon_3",
    "subject": "Human",
    "user": "Brendon",
    "support": [
      "Human_Brendon_brendon_walk_HP_1556021"
    ],
    "query": [
      "Human_Brendon_brendon_walk_HP_1556014",
      "Human_Brendon_Running_HP_492002",
      "Human_Brendon_Sneaking_HP_501016",
      "Human_Brendon_brendon_sneak_HP_1549003",
      "Human_Brendon_Walking_HP_507000",
      "Human_Brendon_brendon_walk_HP_1556020",
      "Human_Brendon_Intrusion_HP_489019",
      "Human_Brendon_Walking_HP_509020",
      "Human_Brendon_Sneaking_HP_500017",
      "Human_Brendon_Intrusion_HP_488008",
      "Human_Brendon_Sneaking_HP_498009",
      "Human_Brendon_Intrusion_HP_489023",
      "Human_Brendon_Walking_HP_509011",
      "Human_Brendon_Sneaking_HP_503005",
      "Human_Brendon_Intrusion_HP_489022"
    ]
  },
  {
    "task_id": "adapt_Human_Brendon_4",
    "subject": "Human",
    "user": "Brendon",
    "support": [
      "Human_Brendon_brendon_all_HP_1540027"
    ],
    "query": [
      "Human_Brendon_brendon_walk_HP_1554014",
      "Human_Brendon_brendon_walk_HP_1552023",
      "Human_Brendon_brendon_sneak_HP_1548000",
      "Human_Brendon_Sneaking_HP_502007",
      "Human_Brendon_Running_HP_495000",
      "Human_Brendon_brendon_sneak_HP_1551007",
      "Human_Brendon_Walking_HP_507004",
      "Human_Brendon_Intrusion_HP_486006",
      "Human_Brendon_brendon_sneak_HP_1546005",
      "Human_Brendon_Walking_HP_509012",
      "Human_Brendon_brendon_walk_HP_1555002",
      "Human_Brendon_brendon_walk_HP_1556013",
      "Human_Brendon_brendon_all_HP_1545007",
      "Human_Brendon_brendon_walk_HP_1556006",
      "Human_Brendon_brendon_all_HP_1545021"
    ]
  },
  {
    "task_id": "adapt_Human_Brian_0",
    "subject": "Human",
    "user": "Brian",
    "support": [
      "Human_Brian_Walking_HP_529005"
    ],
    "query": [
      "Human_Brian_Sneaking_HP_527012",
      "Human_Brian_Intrusion_HP_515013",
      "Human_Brian_Running_HP_521010",
      "Human_Brian_Intrusion_HP_511031",
      "Human_Brian_Sneaking_HP_522023",
      "Human_Brian_Combined_HP_1394005",
      "Human_Brian_Running_HP_520008",
      "Human_Brian_Combined_HP_1394035",
      "Human_Brian_Walking_HP_530009",
      "Human_Brian_Walking_HP_531016",
      "Human_Brian_Combined_HP_1393022",
      "Human_Brian_Sneaking_HP_1404010",
      "Human_Brian_Sneaking_HP_525016",
      "Human_Brian_Sneaking_HP_523005",
      "Human_Brian_Walking_HP_533019"
    ]
  },
  {
    "task_id": "adapt_Human_Brian_1",
    "subject": "Human",
    "user": "Brian",
    "support": [
      "Human_Brian_Walking_HP_533020"
    ],
    "query": [
      "Human_Brian_Combined_HP_1392018",
      "Human_Brian_Intrusion_HP_512021",
      "Human_Brian_Sneaking_HP_1407011",
      "Human_Brian_Walking_HP_531017",
      "Human_Brian_Walking_HP_530016",
      "Human_Brian_Running_HP_519009",
      "Human_Brian_Intrusion_HP_515013",
      "Human_Brian_Jogging_HP_1400002",
      "Human_Brian_Walking_HP_1411021",
      "Human_Brian_Sneaking_HP_525018",
      "Human_Brian_Jogging_HP_1397022",
      "Human_Brian_Intrusion_HP_510000",
      "Human_Brian_Combined_HP_1390019",
      "Human_Brian_Sneaking_HP_1404008",
      "Human_Brian_Intrusion_HP_510024"
    ]
  },
  {
    "task_id": "adapt_Human_Brian_2",
    "subject": "Human",
    "user": "Brian",
    "support": [
      "Human_Brian_Walking_HP_1411019"
    ],
    "query": [
      "Human_Brian_Combined_HP_1395003",
      "Human_Brian_Combined_HP_1392004",
      "Human_Brian_Jogging_HP_1396011",
      "Human_Brian_Sneaking_HP_526019",
      "Human_Brian_Jogging_HP_1400008",
      "Human_Brian_Walking_HP_530002",
      "Human_Brian_Sneaking_HP_523004",
      "Human_Brian_Jogging_HP_1399001",
      "Human_Brian_Running_HP_518001",
      "Human_Brian_Intrusion_HP_514008",
      "Human_Brian_Running_HP_518003",
      "Human_Brian_Jogging_HP_1396019",
      "Human_Brian_Walking_HP_1409002",
      "Human_Brian_Intrusion_HP_510033",
      "Human_Brian_Running_HP_516002"
    ]
  },
  {
    "task_id": "adapt_Human_Brian_3",
    "subject": "Human",
    "user": "Brian",
    "support": [
      "Human_Brian_Walking_HP_1410003"
    ],
    "query": [
      "Human_Brian_Sneaking_HP_1404000",
      "Human_Brian_Combined_HP_1393015",
      "Human_Brian_Combined_HP_1394007",
      "Human_Brian_Walking_HP_1413020",
      "Human_Brian_Jogging_HP_1398001",
      "Human_Brian_Intrusion_HP_510035",
      "Human_Brian_Jogging_HP_1396005",
      "Human_Brian_Intrusion_HP_514000",
      "Human_Brian_Combined_HP_1391001",
      "Human_Brian_Walking_HP_530008",
      "Human_Brian_Running_HP_517001",
      "Human_Brian_Walking_HP_533005",
      "Human_Brian_Walking_HP_1412008",
      "Human_Brian_Intrusion_HP_515031",
      "Human_Brian_Sneaking_HP_525007"
    ]
  },
  {
    "task_id": "adapt_Human_Brian_4",
    "subject": "Human",
    "user": "Brian",
    "support": [
      "Human_Brian_Intrusion_HP_514018"
    ],
    "query": [
      "Human_Brian_Walking_HP_533000",
      "Human_Brian_Intrusion_HP_512028",
      "Human_Brian_Jogging_HP_1401023",
      "Human_Brian_Sneaking_HP_523024",
      "Human_Brian_Walking_HP_1409002",
      "Human_Brian_Jogging_HP_1398020",
      "Human_Brian_Sneaking_HP_525013",
      "Human_Brian_Walking_HP_529006",
      "Human_Brian_Intrusion_HP_512025",
      "Human_Brian_Intrusion_HP_512033",
      "Human_Brian_Sneaking_HP_524006",
      "Human_Brian_Combined_HP_1391026",
      "Human_Brian_Walking_HP_1409001",
      "Human_Brian_Combined_HP_1390015",
      "Human_Brian_Combined_HP_1392002"
    ]
  },
  {
    "task_id": "adapt_Human_Weihang_0",
    "subject": "Human",
    "user": "Weihang",
    "support": [
      "Human_Weihang_Combined_HP_1440031"
    ],
    "query": [
      "Human_Weihang_Combined_HP_1440000",
      "Human_Weihang_Jogging_HP_1444018",
      "Human_Weihang_Walking_HP_1459009",
      "Human_Weihang_Combined_HP_1442007",
      "Human_Weihang_Combined_HP_1443033",
      "Human_Weihang_Jogging_HP_1444008",
      "Human_Weihang_Sneaking_HP_1455007",
      "Human_Weihang_Jogging_HP_1445005",
      "Human_Weihang_Sneaking_HP_1455015",
      "Human_Weihang_Combined_HP_1440001",
      "Human_Weihang_Sneaking_HP_1455006",
      "Human_Weihang_Combined_HP_1440002",
      "Human_Weihang_Sneaking_HP_1451001",
      "Human_Weihang_Sneaking_HP_1455016",
      "Human_Weihang_Jogging_HP_1447011"
    ]
  },
  {
    "task_id": "adapt_Human_Weihang_1",
    "subject": "Human",
    "user": "Weihang",
    "support": [
      "Human_Weihang_Combined_HP_1440022"
    ],
    "query": [
      "Human_Weihang_Sneaking_HP_1454023",
      "Human_Weihang_Walking_HP_1459003",
      "Human_Weihang_Combined_HP_1443026",
      "Human_Weihang_Sneaking_HP_1454003",
      "Human_Weihang_Jogging_HP_1447015",
      "Human_Weihang_Combined_HP_1440008",
      "Human_Weihang_Combined_HP_1443020",
      "Human_Weihang_Sneaking_HP_1453023",
      "Human_Weihang_Sneaking_HP_1453019",
      "Human_Weihang_Walking_HP_1457015",
      "Human_Weihang_Sneaking_HP_1454006",
      "Human_Weihang_Walking_HP_1457011",
      "Human_Weihang_Walking_HP_1459016",
      "Human_Weihang_Sneaking_HP_1455000",
      "Human_Weihang_Sneaking_HP_1454001"
    ]
  },
  {
    "task_id": "adapt_Human_Weihang_2",
    "subject": "Human",
    "user": "Weihang",
    "support": [
      "Human_Weihang_Combined_HP_1441000"
    ],
    "query": [
      "Human_Weihang_Walking_HP_1459005",
      "Human_Weihang_Sneaking_HP_1452017",
      "Human_Weihang_Sneaking_HP_1454007",
      "Human_Weihang_Walking_HP_1458012",
      "Human_Weihang_Sneaking_HP_1451008",
      "Human_Weihang_Walking_HP_1461010",
      "Human_Weihang_Sneaking_HP_1450019",
      "Human_Weihang_Sneaking_HP_1450013",
      "Human_Weihang_Combined_HP_1438028",
      "Human_Weihang_Jogging_HP_1448021",
      "Human_Weihang_Walking_HP_1459010",
      "Human_Weihang_Combined_HP_1443027",
      "Human_Weihang_Walking_HP_1457001",
      "Human_Weihang_Jogging_HP_1445018",
      "Human_Weihang_Combined_HP_1438033"
    ]
  },
  {
    "task_id": "adapt_Human_Weihang_3",
    "subject": "Human",
    "user": "Weihang",
    "support": [
      "Human_Weihang_Jogging_HP_1446022"
    ],
    "query": [
      "Human_Weihang_Walking_HP_1459002",
      "Human_Weihang_Combined_HP_1440002",
      "Human_Weihang_Sneaking_HP_1454007",
      "Human_Weihang_Combined_HP_1442027",
      "Human_Weihang_Combined_HP_1443023",
      "Human_Weihang_Combined_HP_1439011",
      "Human_Weihang_Combined_HP_1440031",
      "Human_Weihang_Walking_HP_1459001",
      "Human_Weihang_Walking_HP_1459020",
      "Human_Weihang_Combined_HP_1439022",
      "Human_Weihang_Combined_HP_1440033",
      "Human_Weihang_Sneaking_HP_1454012",
      "Human_Weihang_Combined_HP_1441015",
      "Human_Weihang_Combined_HP_1438031",
      "Human_Weihang_Walking_HP_1459022"
    ]
  },
  {
    "task_id": "adapt_Human_Weihang_4",
    "subject": "Human",
    "user": "Weihang",
    "support": [
      "Human_Weihang_Walking_HP_1460005"
    ],
    "query": [
      "Human_Weihang_Jogging_HP_1447017",
      "Human_Weihang_Jogging_HP_1446013",
      "Human_Weihang_Sneaking_HP_1452015",
      "Human_Weihang_Sneaking_HP_1452009",
      "Human_Weihang_Walking_HP_1457001",
      "Human_Weihang_Combined_HP_1438005",
      "Human_Weihang_Combined_HP_1441012",
      "Human_Weihang_Combined_HP_1439033",
      "Human_Weihang_Combined_HP_1439031",
      "Human_Weihang_Combined_HP_1443032",
      "Human_Weihang_Combined_HP_1438013",
      "Human_Weihang_Jogging_HP_1446010",
      "Human_Weihang_Jogging_HP_1445011",
      "Human_Weihang_Jogging_HP_1446015",
      "Human_Weihang_Sneaking_HP_1455002"
    ]
  },
  {
    "task_id": "adapt_Pet_4_13_2023 Saint_0",
    "subject": "Pet",
    "user": "4_13_2023 Saint",
    "support": [
      "Pet_4_13_2023 Saint_Test_8_HP_886003"
    ],
    "query": [
      "Pet_4_13_2023 Saint_Test_8_HP_885028",
      "Pet_4_13_2023 Saint_Test_3_HP_858000",
      "Pet_4_13_2023 Saint_Test_6_HP_877004",
      "Pet_4_13_2023 Saint_Test_8_HP_888029",
      "Pet_4_13_2023 Saint_Test_5_HP_867011",
      "Pet_4_13_2023 Saint_Test_3_HP_855025",
      "Pet_4_13_2023 Saint_Test_2_HP_853015",
      "Pet_4_13_2023 Saint_Test_7_HP_881013",
      "Pet_4_13_2023 Saint_Test_6_HP_876018",
      "Pet_4_13_2023 Saint_Test_7_HP_880018",
      "Pet_4_13_2023 Saint_Test_5_HP_871000",
      "Pet_4_13_2023 Saint_Test_1_HP_844052",
      "Pet_4_13_2023 Saint_Test_2_HP_853012",
      "Pet_4_13_2023 Saint_Test_3_HP_858005",
      "Pet_4_13_2023 Saint_Test_8_HP_889016"
    ]
  },
  {
    "task_id": "adapt_Pet_4_13_2023 Saint_1",
    "subject": "Pet",
    "user": "4_13_2023 Saint",
    "support": [
      "Pet_4_13_2023 Saint_Test_1_HP_845007"
    ],
    "query": [
      "Pet_4_13_2023 Saint_Test_5_HP_869033",
      "Pet_4_13_2023 Saint_Test_1_HP_845037",
      "Pet_4_13_2023 Saint_Test_7_HP_880022",
      "Pet_4_13_2023 Saint_Test_3_HP_855035",
      "Pet_4_13_2023 Saint_Test_5_HP_869021",
      "Pet_4_13_2023 Saint_Test_1_HP_843012",
      "Pet_4_13_2023 Saint_Test_4_HP_862035",
      "Pet_4_13_2023 Saint_Test_2_HP_853027",
      "Pet_4_13_2023 Saint_Test_4_HP_863002",
      "Pet_4_13_2023 Saint_Test_3_HP_857021",
      "Pet_4_13_2023 Saint_Test_4_HP_860027",
      "Pet_4_13_2023 Saint_Test_4_HP_861018",
      "Pet_4_13_2023 Saint_Test_8_HP_886014",
      "Pet_4_13_2023 Saint_Test_7_HP_881006",
      "Pet_4_13_2023 Saint_Test_6_HP_877006"
    ]
  },
  {
    "task_id": "adapt_Pet_4_13_2023 Saint_2",
    "subject": "Pet",
    "user": "4_13_2023 Saint",
    "support": [
      "Pet_4_13_2023 Saint_Test_3_HP_859014"
    ],
    "query": [
      "Pet_4_13_2023 Saint_Test_2_HP_853005",
      "Pet_4_13_2023 Saint_Test_5_HP_870028",
      "Pet_4_13_2023 Saint_Test_8_HP_887005",
      "Pet_4_13_2023 Saint_Test_2_HP_853014",
      "Pet_4_13_2023 Saint_Test_3_HP_854004",
      "Pet_4_13_2023 Saint_Test_8_HP_887001",
      "Pet_4_13_2023 Saint_Test_1_HP_846032",
      "Pet_4_13_2023 Saint_Test_4_HP_860005",
      "Pet_4_13_2023 Saint_Test_7_HP_882030",
      "Pet_4_13_2023 Saint_Test_7_HP_882001",
      "Pet_4_13_2023 Saint_Test_5_HP_867029",
      "Pet_4_13_2023 Saint_Test_6_HP_876026",
      "Pet_4_13_2023 Saint_Test_5_HP_867008",
      "Pet_4_13_2023 Saint_Test_2_HP_850006",
      "Pet_4_13_2023 Saint_Test_5_HP_869034"
    ]
  },
  {
    "task_id": "adapt_Pet_4_13_2023 Saint_3",
    "subject": "Pet",
    "user": "4_13_2023 Saint",
    "support": [
      "Pet_4_13_2023 Saint_Test_2_HP_848018"
    ],
    "query": [
      "Pet_4_13_2023 Saint_Test_8_HP_885017",
      "Pet_4_13_2023 Saint_Test_1_HP_844031",
      "Pet_4_13_2023 Saint_Test_7_HP_878019",
      "Pet_4_13_2023 Saint_Test_1_HP_846051",
      "Pet_4_13_2023 Saint_Test_5_HP_869021",
      "Pet_4_13_2023 Saint_Test_3_HP_855032",
      "Pet_4_13_2023 Saint_Test_5_HP_867019",
      "Pet_4_13_2023 Saint_Test_1_HP_843025",
      "Pet_4_13_2023 Saint_Test_4_HP_863019",
      "Pet_4_13_2023 Saint_Test_5_HP_866005",
      "Pet_4_13_2023 Saint_Test_1_HP_844029",
      "Pet_4_13_2023 Saint_Test_2_HP_848004",
      "Pet_4_13_2023 Saint_Test_8_HP_884003",
      "Pet_4_13_2023 Saint_Test_5_HP_871033",
      "Pet_4_13_2023 Saint_Test_6_HP_877031"
    ]
  },
  {
    "task_id": "adapt_Pet_4_13_2023 Saint_4",
    "subject": "Pet",
    "user": "4_13_2023 Saint",
    "support": [
      "Pet_4_13_2023 Saint_Test_8_HP_887031"
    ],
    "query": [
      "Pet_4_13_2023 Saint_Test_5_HP_868003",
      "Pet_4_13_2023 Saint_Test_7_HP_879024",
      "Pet_4_13_2023 Saint_Test_2_HP_852020",
      "Pet_4_13_2023 Saint_Test_1_HP_843032",
      "Pet_4_13_2023 Saint_Test_6_HP_873009",
      "Pet_4_13_2023 Saint_Test_1_HP_843019",
      "Pet_4_13_2023 Saint_Test_3_HP_857010",
      "Pet_4_13_2023 Saint_Test_7_HP_882006",
      "Pet_4_13_2023 Saint_Test_5_HP_867025",
      "Pet_4_13_2023 Saint_Test_4_HP_864027",
      "Pet_4_13_2023 Saint_Test_8_HP_889005",
      "Pet_4_13_2023 Saint_Test_3_HP_858023",
      "Pet_4_13_2023 Saint_Test_1_HP_842052",
      "Pet_4_13_2023 Saint_Test_7_HP_882012",
      "Pet_4_13_2023 Saint_Test_4_HP_863032"
    ]
  },
  {
    "task_id": "adapt_Pet_4_13_2023 Zelda_0",
    "subject": "Pet",
    "user": "4_13_2023 Zelda",
    "support": [
      "Pet_4_13_2023 Zelda_Test_5_HP_914026"
    ],
    "query": [
      "Pet_4_13_2023 Zelda_Test_2_HP_896003",
      "Pet_4_13_2023 Zelda_Test_3_HP_903012",
      "Pet_4_13_2023 Zelda_Test_5_HP_914028",
      "Pet_4_13_2023 Zelda_Test_4_HP_909020",
      "Pet_4_13_2023 Zelda_Test_1_HP_890021",
      "Pet_4_13_2023 Zelda_Test_6_HP_918030",
      "Pet_4_13_2023 Zelda_Test_5_HP_914002",
      "Pet_4_13_2023 Zelda_Test_2_HP_898005",
      "Pet_4_13_2023 Zelda_Test_6_HP_922021",
      "Pet_4_13_2023 Zelda_Test_5_HP_913003",
      "Pet_4_13_2023 Zelda_Test_6_HP_918029",
      "Pet_4_13_2023 Zelda_Test_7_HP_927023",
      "Pet_4_13_2023 Zelda_Test_4_HP_911028",
      "Pet_4_13_2023 Zelda_Test_5_HP_913027",
      "Pet_4_13_2023 Zelda_Test_7_HP_929004"
    ]
  },
  {
    "task_id": "adapt_Pet_4_13_2023 Zelda_1",
    "subject": "Pet",
    "user": "4_13_2023 Zelda",
    "support": [
      "Pet_4_13_2023 Zelda_Test_3_HP_905024"
    ],
    "query": [
      "Pet_4_13_2023 Zelda_Test_1_HP_894007",
      "Pet_4_13_2023 Zelda_Test_2_HP_895027",
      "Pet_4_13_2023 Zelda_Test_3_HP_901003",
      "Pet_4_13_2023 Zelda_Test_7_HP_928009",
      "Pet_4_13_2023 Zelda_Test_7_HP_928012",
      "Pet_4_13_2023 Zelda_Test_3_HP_904011",
      "Pet_4_13_2023 Zelda_Test_5_HP_913004",
      "Pet_4_13_2023 Zelda_Test_1_HP_893012",
      "Pet_4_13_2023 Zelda_Test_5_HP_913021",
      "Pet_4_13_2023 Zelda_Test_4_HP_910019",
      "Pet_4_13_2023 Zelda_Test_6_HP_919035",
      "Pet_4_13_2023 Zelda_Test_7_HP_928010",
      "Pet_4_13_2023 Zelda_Test_5_HP_913007",
      "Pet_4_13_2023 Zelda_Test_4_HP_911031",
      "Pet_4_13_2023 Zelda_Test_7_HP_927002"
    ]
  },
  {
    "task_id": "adapt_Pet_4_13_2023 Zelda_2",
    "subject": "Pet",
    "user": "4_13_2023 Zelda",
    "support": [
      "Pet_4_13_2023 Zelda_Test_2_HP_897024"
    ],
    "query": [
      "Pet_4_13_2023 Zelda_Test_7_HP_927030",
      "Pet_4_13_2023 Zelda_Test_3_HP_902033",
      "Pet_4_13_2023 Zelda_Test_2_HP_895022",
      "Pet_4_13_2023 Zelda_Test_6_HP_920017",
      "Pet_4_13_2023 Zelda_Test_1_HP_894031",
      "Pet_4_13_2023 Zelda_Test_7_HP_928016",
      "Pet_4_13_2023 Zelda_Test_5_HP_916018",
      "Pet_4_13_2023 Zelda_Test_1_HP_894011",
      "Pet_4_13_2023 Zelda_Test_3_HP_905024",
      "Pet_4_13_2023 Zelda_Test_7_HP_925014",
      "Pet_4_13_2023 Zelda_Test_6_HP_922035",
      "Pet_4_13_2023 Zelda_Test_4_HP_906002",
      "Pet_4_13_2023 Zelda_Test_3_HP_904019",
      "Pet_4_13_2023 Zelda_Test_5_HP_917033",
      "Pet_4_13_2023 Zelda_Test_3_HP_904008"
    ]
  },
  {
    "task_id": "adapt_Pet_4_13_2023 Zelda_3",
    "subject": "Pet",
    "user": "4_13_2023 Zelda",
    "support": [
      "Pet_4_13_2023 Zelda_Test_5_HP_916033"
    ],
    "query": [
      "Pet_4_13_2023 Zelda_Test_1_HP_891003",
      "Pet_4_13_2023 Zelda_Test_7_HP_925005",
      "Pet_4_13_2023 Zelda_Test_5_HP_914031",
      "Pet_4_13_2023 Zelda_Test_4_HP_908003",
      "Pet_4_13_2023 Zelda_Test_7_HP_929029",
      "Pet_4_13_2023 Zelda_Test_1_HP_894013",
      "Pet_4_13_2023 Zelda_Test_1_HP_891019",
      "Pet_4_13_2023 Zelda_Test_5_HP_913008",
      "Pet_4_13_2023 Zelda_Test_2_HP_897031",
      "Pet_4_13_2023 Zelda_Test_1_HP_890021",
      "Pet_4_13_2023 Zelda_Test_4_HP_910030",
      "Pet_4_13_2023 Zelda_Test_2_HP_898017",
      "Pet_4_13_2023 Zelda_Test_6_HP_920010",
      "Pet_4_13_2023 Zelda_Test_7_HP_925002",
      "Pet_4_13_2023 Zelda_Test_1_HP_890011"
    ]
  },
  {
    "task_id": "adapt_Pet_4_13_2023 Zelda_4",
    "subject": "Pet",
    "user": "4_13_2023 Zelda",
    "support": [
      "Pet_4_13_2023 Zelda_Test_4_HP_910032"
    ],
    "query": [
      "Pet_4_13_2023 Zelda_Test_2_HP_895002",
      "Pet_4_13_2023 Zelda_Test_3_HP_904033",
      "Pet_4_13_2023 Zelda_Test_6_HP_919029",
      "Pet_4_13_2023 Zelda_Test_7_HP_927013",
      "Pet_4_13_2023 Zelda_Test_2_HP_899028",
      "Pet_4_13_2023 Zelda_Test_6_HP_919023",
      "Pet_4_13_2023 Zelda_Test_4_HP_906013",
      "Pet_4_13_2023 Zelda_Test_1_HP_894014",
      "Pet_4_13_2023 Zelda_Test_2_HP_895005",
      "Pet_4_13_2023 Zelda_Test_5_HP_914033",
      "Pet_4_13_2023 Zelda_Test_6_HP_921032",
      "Pet_4_13_2023 Zelda_Test_7_HP_929023",
      "Pet_4_13_2023 Zelda_Test_2_HP_899005",
      "Pet_4_13_2023 Zelda_Test_5_HP_916003",
      "Pet_4_13_2023 Zelda_Test_3_HP_900000"
    ]
  },
  {
    "task_id": "adapt_Pet_Thunder_0",
    "subject": "Pet",
    "user": "Thunder",
    "support": [
      "Pet_Thunder_Test_1_HP_1498006"
    ],
    "query": [
      "Pet_Thunder_Test_7_HP_1535029",
      "Pet_Thunder_Test_7_HP_1535009",
      "Pet_Thunder_Test_4_HP_1517032",
      "Pet_Thunder_Test_1_HP_1498029",
      "Pet_Thunder_Test_4_HP_1521007",
      "Pet_Thunder_Test_4_HP_1517031",
      "Pet_Thunder_Test_5_HP_1523004",
      "Pet_Thunder_Test_6_HP_1531013",
      "Pet_Thunder_Test_3_HP_1512025",
      "Pet_Thunder_Test_4_HP_1519006",
      "Pet_Thunder_Test_6_HP_1532005",
      "Pet_Thunder_Test_7_HP_1534026",
      "Pet_Thunder_Test_1_HP_1503002",
      "Pet_Thunder_Test_7_HP_1535011",
      "Pet_Thunder_Test_1_HP_1501024"
    ]
  },
  {
    "task_id": "adapt_Pet_Thunder_1",
    "subject": "Pet",
    "user": "Thunder",
    "support": [
      "Pet_Thunder_Test_6_HP_1532028"
    ],
    "query": [
      "Pet_Thunder_Test_7_HP_1536032",
      "Pet_Thunder_Test_2_HP_1509011",
      "Pet_Thunder_Test_1_HP_1502018",
      "Pet_Thunder_Test_7_HP_1536018",
      "Pet_Thunder_Test_3_HP_1512027",
      "Pet_Thunder_Test_1_HP_1498032",
      "Pet_Thunder_Test_6_HP_1528029",
      "Pet_Thunder_Test_2_HP_1504023",
      "Pet_Thunder_Test_3_HP_1511007",
      "Pet_Thunder_Test_1_HP_1502013",
      "Pet_Thunder_Test_6_HP_1528008",
      "Pet_Thunder_Test_7_HP_1535010",
      "Pet_Thunder_Test_4_HP_1518032",
      "Pet_Thunder_Test_4_HP_1519005",
      "Pet_Thunder_Test_4_HP_1518009"
    ]
  },
  {
    "task_id": "adapt_Pet_Thunder_2",
    "subject": "Pet",
    "user": "Thunder",
    "support": [
      "Pet_Thunder_Test_6_HP_1533006"
    ],
    "query": [
      "Pet_Thunder_Test_5_HP_1526015",
      "Pet_Thunder_Test_4_HP_1518011",
      "Pet_Thunder_Test_4_HP_1518029",
      "Pet_Thunder_Test_2_HP_1505032",
      "Pet_Thunder_Test_5_HP_1525030",
      "Pet_Thunder_Test_3_HP_1514029",
      "Pet_Thunder_Test_1_HP_1499016",
      "Pet_Thunder_Test_3_HP_1510008",
      "Pet_Thunder_Test_3_HP_1510034",
      "Pet_Thunder_Test_7_HP_1536014",
      "Pet_Thunder_Test_3_HP_1514004",
      "Pet_Thunder_Test_3_HP_1514035",
      "Pet_Thunder_Test_1_HP_1500015",
      "Pet_Thunder_Test_3_HP_1513022",
      "Pet_Thunder_Test_7_HP_1535010"
    ]
  },
  {
    "task_id": "adapt_Pet_Thunder_3",
    "subject": "Pet",
    "user": "Thunder",
    "support": [
      "Pet_Thunder_Test_4_HP_1521033"
    ],
    "query": [
      "Pet_Thunder_Test_4_HP_1519008",
      "Pet_Thunder_Test_3_HP_1513009",
      "Pet_Thunder_Test_1_HP_1502032",
      "Pet_Thunder_Test_1_HP_1499018",
      "Pet_Thunder_Test_4_HP_1521024",
      "Pet_Thunder_Test_1_HP_1498008",
      "Pet_Thunder_Test_6_HP_1533033",
      "Pet_Thunder_Test_3_HP_1511021",
      "Pet_Thunder_Test_3_HP_1510034",
      "Pet_Thunder_Test_7_HP_1534006",
      "Pet_Thunder_Test_7_HP_1534008",
      "Pet_Thunder_Test_7_HP_1537003",
      "Pet_Thunder_Test_5_HP_1525007",
      "Pet_Thunder_Test_3_HP_1511013",
      "Pet_Thunder_Test_5_HP_1524016"
    ]
  },
  {
    "task_id": "adapt_Pet_Thunder_4",
    "subject": "Pet",
    "user": "Thunder",
    "support": [
      "Pet_Thunder_Test_3_HP_1511035"
    ],
    "query": [
      "Pet_Thunder_Test_6_HP_1532000",
      "Pet_Thunder_Test_2_HP_1504008",
      "Pet_Thunder_Test_6_HP_1529011",
      "Pet_Thunder_Test_6_HP_1533016",
      "Pet_Thunder_Test_7_HP_1534027",
      "Pet_Thunder_Test_4_HP_1517005",
      "Pet_Thunder_Test_5_HP_1526014",
      "Pet_Thunder_Test_1_HP_1501024",
      "Pet_Thunder_Test_5_HP_1523029",
      "Pet_Thunder_Test_4_HP_1518019",
      "Pet_Thunder_Test_2_HP_1505033",
      "Pet_Thunder_Test_1_HP_1503021",
      "Pet_Thunder_Test_2_HP_1505004",
      "Pet_Thunder_Test_2_HP_1507019",
      "Pet_Thunder_Test_6_HP_1530024"
    ]
  }
]