[
  {
    "task_id": "adapt_Human_4_13_2023 Jack_0",
    "subject": "Human",
    "user": "4_13_2023 Jack",
    "support": [
      "Human_4_13_2023 Jack_sneak2_HP_726028",
      "Human_4_13_2023 Jack_sneak_HP_723005",
      "Human_4_13_2023 Jack_sneak_HP_722023",
      "Human_4_13_2023 Jack_sneak2_HP_731020",
      "Human_4_13_2023 Jack_swr_HP_737002"
    ],
    "query": [
      "Human_4_13_2023 Jack_walk_HP_740018",
      "Human_4_13_2023 Jack_run_HP_716000",
      "Human_4_13_2023 Jack_walk_HP_742010",
      "Human_4_13_2023 Jack_sneak2_HP_730019",
      "Human_4_13_2023 Jack_sneak_HP_724022",
      "Human_4_13_2023 Jack_swr_HP_732032",
      "Human_4_13_2023 Jack_sneak_HP_724016",
      "Human_4_13_2023 Jack_run_HP_718003",
      "Human_4_13_2023 Jack_swr_HP_735015",
      "Human_4_13_2023 Jack_swr_HP_732014",
      "Human_4_13_2023 Jack_sneak_HP_724011",
      "Human_4_13_2023 Jack_swr_HP_733024",
      "Human_4_13_2023 Jack_swr_HP_736002",
      "Human_4_13_2023 Jack_sneak2_HP_728014",
      "Human_4_13_2023 Jack_swr_HP_735035"
    ]
  },
  {
    "task_id": "adapt_Human_4_13_2023 Jack_1",
    "subject": "Human",
    "user": "4_13_2023 Jack",
    "support": [
      "Human_4_13_2023 Jack_sneak_HP_724011",
      "Human_4_13_2023 Jack_sneak2_HP_731010",
      "Human_4_13_2023 Jack_swr_HP_736009",
      "Human_4_13_2023 Jack_swr_HP_732001",
      "Human_4_13_2023 Jack_walk_HP_743000"
    ],
    "query": [
      "Human_4_13_2023 Jack_swr_HP_734004",
      "Human_4_13_2023 Jack_walk_HP_741003",
      "Human_4_13_2023 Jack_sneak2_HP_730029",
      "Human_4_13_2023 Jack_sneak2_HP_730033",
      "Human_4_13_2023 Jack_walk_HP_739002",
      "Human_4_13_2023 Jack_swr_HP_737019",
      "Human_4_13_2023 Jack_swr_HP_735028",
      "Human_4_13_2023 Jack_swr_HP_736032",
      "Human_4_13_2023 Jack_walk_HP_740016",
      "Human_4_13_2023 Jack_swr_HP_737033",
      "Human_4_13_2023 Jack_walk_HP_740009",
      "Human_4_13_2023 Jack_walk_HP_738007",
      "Human_4_13_2023 Jack_walk_HP_743022",
      "Human_4_13_2023 Jack_sneak_HP_721022",
      "Human_4_13_2023 Jack_sneak_HP_724001"
    ]
  },
  {
    "task_id": "adapt_Human_4_13_2023 Jack_2",
    "subject": "Human",
    "user": "4_13_2023 Jack",
    "support": [
      "Human_4_13_2023 Jack_sneak_HP_722012",
      "Human_4_13_2023 Jack_swr_HP_732025",
      "Human_4_13_2023 Jack_sneak2_HP_726017",
      "Human_4_13_2023 Jack_sneak2_HP_729021",
      "Human_4_13_2023 Jack_walk_HP_740017"
    ],
    "query": [
      "Human_4_13_2023 Jack_sneak_HP_725012",
      "Human_4_13_2023 Jack_swr_HP_733002",
      "Human_4_13_2023 Jack_swr_HP_733034",
      "Human_4_13_2023 Jack_sneak2_HP_728005",
      "Human_4_13_2023 Jack_walk_HP_741009",
      "Human_4_13_2023 Jack_swr_HP_736018",
      "Human_4_13_2023 Jack_walk_HP_742018",
      "Human_4_13_2023 Jack_sneak_HP_720010",
      "Human_4_13_2023 Jack_walk_HP_740009",
      "Human_4_13_2023 Jack_walk_HP_743010",
      "Human_4_13_2023 Jack_swr_HP_737004",
      "Human_4_13_2023 Jack_sneak2_HP_727025",
      "Human_4_13_2023 Jack_sneak_HP_721014",
      "Human_4_13_2023 Jack_sneak2_HP_730017",
      "Human_4_13_2023 Jack_sneak2_HP_727024"
    ]
  },
  {
    "task_id": "adapt_Human_4_13_2023 Jack_3",
    "subject": "Human",
    "user": "4_13_2023 Jack",
    "support": [
      "Human_4_13_2023 Jack_swr_HP_732011",
      "Human_4_13_2023 Jack_sneak_HP_724004",
      "Human_4_13_2023 Jack_walk_HP_740007",
      "Human_4_13_2023 Jack_swr_HP_732000",
      "Human_4_13_2023 Jack_run_HP_716007"
    ],
    "query": [
      "Human_4_13_2023 Jack_sneak_HP_721024",
      "Human_4_13_2023 Jack_sneak2_HP_731014",
      "Human_4_13_2023 Jack_run_HP_717008",
      "Human_4_13_2023 Jack_swr_HP_737001",
      "Human_4_13_2023 Jack_run_HP_718008",
      "Human_4_13_2023 Jack_run_HP_715004",
      "Human_4_13_2023 Jack_walk_HP_741022",
      "Human_4_13_2023 Jack_sneak2_HP_729034",
      "Human_4_13_2023 Jack_sneak_HP_724002",
      "Human_4_13_2023 Jack_swr_HP_736024",
      "Human_4_13_2023 Jack_walk_HP_743006",
      "Human_4_13_2023 Jack_walk_HP_739011",
      "Human_4_13_2023 Jack_swr_HP_733034",
      "Human_4_13_2023 Jack_sneak2_HP_726019",
      "Human_4_13_2023 Jack_swr_HP_734006"
    ]
  },
  {
    "task_id": "adapt_Human_4_13_2023 Jack_4",
    "subject": "Human",
    "user": "4_13_2023 Jack",
    "support": [
      "Human_4_13_2023 Jack_run_HP_719011",
      "Human_4_13_2023 Jack_swr_HP_735006",
      "Human_4_13_2023 Jack_run_HP_718008",
      "Human_4_13_2023 Jack_walk_HP_741002",
      "Human_4_13_2023 Jack_sneak2_HP_726012"
    ],
    "query": [
      "Human_4_13_2023 Jack_sneak2_HP_729016",
      "Human_4_13_2023 Jack_walk_HP_738008",
      "Human_4_13_2023 Jack_walk_HP_741019",
      "Human_4_13_2023 Jack_run_HP_715001",
      "Human_4_13_2023 Jack_walk_HP_743016",
      "Human_4_13_2023 Jack_walk_HP_738009",
      "Human_4_13_2023 Jack_sneak2_HP_731017",
      "Human_4_13_2023 Jack_run_HP_715009",
      "Human_4_13_2023 Jack_sneak_HP_723012",
      "Human_4_13_2023 Jack_sneak2_HP_729008",
      "Human_4_13_2023 Jack_swr_HP_732006",
      "Human_4_13_2023 Jack_sneak2_HP_726015",
      "Human_4_13_2023 Jack_sneak2_HP_726019",
      "Human_4_13_2023 Jack_sneak2_HP_729033",
      "Human_4_13_2023 Jack_sneak_HP_725004"
    ]
  },
  {
    "task_id": "adapt_Human_4_13_2023 Joe_0",
    "subject": "Human",
    "user": "4_13_2023 Joe",
    "support": [
      "Human_4_13_2023 Joe_sneak_HP_752022",
      "Human_4_13_2023 Joe_walk_HP_762001",
      "Human_4_13_2023 Joe_walk_HP_767019",
      "Human_4_13_2023 Joe_swr_HP_759009",
      "Human_4_13_2023 Joe_swr_HP_757008"
    ],
    "query": [
      "Human_4_13_2023 Joe_run_HP_747004",
      "Human_4_13_2023 Joe_run_HP_747000",
      "Human_4_13_2023 Joe_swr_HP_761027",
      "Human_4_13_2023 Joe_swr_HP_760012",
      "Human_4_13_2023 Joe_walk_HP_762014",
      "Human_4_13_2023 Joe_swr_HP_761019",
      "Human_4_13_2023 Joe_walk_HP_763002",
      "Human_4_13_2023 Joe_walk_HP_766020",
      "Human_4_13_2023 Joe_sneak_HP_754013",
      "Human_4_13_2023 Joe_swr_HP_759031",
      "Human_4_13_2023 Joe_walk_HP_766007",
      "Human_4_13_2023 Joe_sneak_HP_755011",
      "Human_4_13_2023 Joe_walk_HP_764011",
      "Human_4_13_2023 Joe_sneak_HP_753006",
      "Human_4_13_2023 Joe_sneak_HP_754012"
    ]
  },
  {
    "task_id": "adapt_Human_4_13_2023 Joe_1",
    "subject": "Human",
    "user": "4_13_2023 Joe",
    "support": [
      "Human_4_13_2023 Joe_sneak_HP_752013",
      "Human_4_13_2023 Joe_swr_HP_759019",
      "Human_4_13_2023 Joe_walk_HP_766003",
      "Human_4_13_2023 Joe_run_HP_747007",
      "Human_4_13_2023 Joe_walk_HP_766010"
    ],
    "query": [
      "Human_4_13_2023 Joe_walk_HP_767001",
      "Human_4_13_2023 Joe_sneak_HP_754018",
      "Human_4_13_2023 Joe_swr_HP_758024",
      "Human_4_13_2023 Joe_swr_HP_758009",
      "Human_4_13_2023 Joe_swr_HP_756021",
      "Human_4_13_2023 Joe_walk_HP_766012",
      "Human_4_13_2023 Joe_sneak_HP_754002",
      "Human_4_13_2023 Joe_swr_HP_757015",
      "Human_4_13_2023 Joe_walk_HP_762002",
      "Human_4_13_2023 Joe_swr_HP_757025",
      "Human_4_13_2023 Joe_sneak_HP_754015",
      "Human_4_13_2023 Joe_swr_HP_760024",
      "Human_4_13_2023 Joe_swr_HP_757003",
      "Human_4_13_2023 Joe_sneak_HP_750009",
      "Human_4_13_2023 Joe_sneak_HP_752006"
    ]
  },
  {
    "task_id": "adapt_Human_4_13_2023 Joe_2",
    "subject": "Human",
    "user": "4_13_2023 Joe",
    "support": [
      "Human_4_13_2023 Joe_swr_HP_761010",
      "Human_4_13_2023 Joe_run_HP_746006",
      "Human_4_13_2023 Joe_sneak_HP_754003",
      "Human_4_13_2023 Joe_sneak_HP_751014",
      "Human_4_13_2023 Joe_run_HP_749005"
    ],
    "query": [
      "Human_4_13_2023 Joe_sneak_HP_753000",
      "Human_4_13_2023 Joe_walk_HP_764003",
      "Human_4_13_2023 Joe_walk_HP_762007",
      "Human_4_13_2023 Joe_run_HP_746010",
      "Human_4_13_2023 Joe_swr_HP_756014",
      "Human_4_13_2023 Joe_walk_HP_766002",
      "Human_4_13_2023 Joe_swr_HP_757018",
      "Human_4_13_2023 Joe_walk_HP_762011",
      "Human_4_13_2023 Joe_swr_HP_760029",
      "Human_4_13_2023 Joe_swr_HP_761009",
      "Human_4_13_2023 Joe_sneak_HP_755001",
      "Human_4_13_2023 Joe_sneak_HP_750013",
      "Human_4_13_2023 Joe_walk_HP_766019",
      "Human_4_13_2023 Joe_swr_HP_761011",
      "Human_4_13_2023 Joe_sneak_HP_754001"
    ]
  },
  {
    "task_id": "adapt_Human_4_13_2023 Joe_3",
    "subject": "Human",
    "user": "4_13_2023 Joe",
    "support": [
      "Human_4_13_2023 Joe_sneak_HP_755010",
      "Human_4_13_2023 Joe_swr_HP_758017",
      "Human_4_13_2023 Joe_run_HP_747009",
      "Human_4_13_2023 Joe_swr_HP_761018",
      "Human_4_13_2023 Joe_sneak_HP_752022"
    ],
    "query": [
      "Human_4_13_2023 Joe_sneak_HP_751018",
      "Human_4_13_2023 Joe_sneak_HP_750007",
      "Human_4_13_2023 Joe_run_HP_746008",
      "Human_4_13_2023 Joe_swr_HP_760010",
      "Human_4_13_2023 Joe_sneak_HP_750018",
      "Human_4_13_2023 Joe_swr_HP_756023",
      "Human_4_13_2023 Joe_sneak_HP_755022",
      "Human_4_13_2023 Joe_swr_HP_759030",
      "Human_4_13_2023 Joe_walk_HP_767008",
      "Human_4_13_2023 Joe_swr_HP_759009",
      "Human_4_13_2023 Joe_sneak_HP_753002",
      "Human_4_13_2023 Joe_swr_HP_760013",
      "Human_4_13_2023 Joe_swr_HP_756012",
      "Human_4_13_2023 Joe_run_HP_744000",
      "Human_4_13_2023 Joe_swr_HP_760022"
    ]
  },
  {
    "task_id": "adapt_Human_4_13_2023 Joe_4",
    "subject": "Human",
    "user": "4_13_2023 Joe",
    "support": [
      "Human_4_13_2023 Joe_swr_HP_761034",
      "Human_4_13_2023 Joe_swr_HP_757010",
      "Human_4_13_2023 Joe_sneak_HP_750015",
      "Human_4_13_2023 Joe_walk_HP_762013",
      "Human_4_13_2023 Joe_sneak_HP_751019"
    ],
    "query": [
      "Human_4_13_2023 Joe_walk_HP_762005",
      "Human_4_13_2023 Joe_walk_HP_763005",
      "Human_4_13_2023 Joe_swr_HP_756021",
      "Human_4_13_2023 Joe_swr_HP_757009",
      "Human_4_13_2023 Joe_walk_HP_767013",
      "Human_4_13_2023 Joe_run_HP_748010",
      "Human_4_13_2023 Joe_sneak_HP_752003",
      "Human_4_13_2023 Joe_sneak_HP_754023",
      "Human_4_13_2023 Joe_sneak_HP_754015",
      "Human_4_13_2023 Joe_run_HP_747004",
      "Human_4_13_2023 Joe_run_HP_749000",
      "Human_4_13_2023 Joe_walk_HP_762009",
      "Human_4_13_2023 Joe_walk_HP_765009",
      "Human_4_13_2023 Joe_sneak_HP_755001",
      "Human_4_13_2023 Joe_walk_HP_767002"
    ]
  },
  {
    "task_id": "adapt_Human_Andrew_0",
    "subject": "Human",
    "user": "Andrew",
    "support": [
      "Human_Andrew_Sneaking_HP_475000",
      "Human_Andrew_Sneaking_HP_478003",
      "Human_Andrew_Walking_HP_485010",
      "Human_Andrew_Intrusion_HP_467010",
      "Human_Andrew_Walking_HP_481000"
    ],
    "query": [
      "Human_Andrew_Intrusion_HP_466030",
      "Human_Andrew_Walking_HP_484011",
      "Human_Andrew_Intrusion_HP_467014",
      "Human_Andrew_Intrusion_HP_466014",
      "Human_Andrew_Walking_HP_485019",
      "Human_Andrew_Walking_HP_483016",
      "Human_Andrew_Walking_HP_483017",
      "Human_Andrew_Walking_HP_484020",
      "Human_Andrew_Intrusion_HP_467004",
      "Human_Andrew_Walking_HP_482011",
      "Human_Andrew_Intrusion_HP_465008",
      "Human_Andrew_Walking_HP_483005",
      "Human_Andrew_Intrusion_HP_466007",
      "Human_Andrew_Walking_HP_482009",
      "Human_Andrew_Running_HP_468001"
    ]
  },
  {
    "task_id": "adapt_Human_Andrew_1",
    "subject": "Human",
    "user": "Andrew",
    "support": [
      "Human_Andrew_Walking_HP_484002",
      "Human_Andrew_Walking_HP_484022",
      "Human_Andrew_Intrusion_HP_462028",
      "Human_Andrew_Intrusion_HP_467023",
      "Human_Andrew_Intrusion_HP_462019"
    ],
    "query": [
      "Human_Andrew_Walking_HP_480002",
      "Human_Andrew_Intrusion_HP_464017",
      "Human_Andrew_Intrusion_HP_463020",
      "Human_Andrew_Sneaking_HP_476006",
      "Human_Andrew_Sneaking_HP_478012",
      "Human_Andrew_Running_HP_470004",
      "Human_Andrew_Sneaking_HP_475020",
      "Human_Andrew_Intrusion_HP_463032",
      "Human_Andrew_Sneaking_HP_475010",
      "Human_Andrew_Intrusion_HP_463001",
      "Human_Andrew_Intrusion_HP_465008",
      "Human_Andrew_Sneaking_HP_478003",
      "Human_Andrew_Intrusion_HP_467027",
      "Human_Andrew_Sneaking_HP_474022",
      "Human_Andrew_Sneaking_HP_475006"
    ]
  },
  {
    "task_id": "adapt_Human_Andrew_2",
    "subject": "Human",
    "user": "Andrew",
    "support": [
      "Human_Andrew_Walking_HP_484001",
      "Human_Andrew_Intrusion_HP_466007",
      "Human_Andrew_Intrusion_HP_465005",
      "Human_Andrew_Intrusion_HP_462032",
      "Human_Andrew_Sneaking_HP_475012"
    ],
    "query": [
      "Human_Andrew_Running_HP_468008",
      "Human_Andrew_Intrusion_HP_466013",
      "Human_Andrew_Intrusion_HP_465018",
      "Human_Andrew_Sneaking_HP_479006",
      "Human_Andrew_Sneaking_HP_476016",
      "Human_Andrew_Intrusion_HP_466027",
      "Human_Andrew_Walking_HP_483009",
      "Human_Andrew_Sneaking_HP_478002",
      "Human_Andrew_Sneaking_HP_478019",
      "Human_Andrew_Walking_HP_480002",
      "Human_Andrew_Intrusion_HP_467010",
      "Human_Andrew_Intrusion_HP_462029",
      "Human_Andrew_Intrusion_HP_462005",
      "Human_Andrew_Walking_HP_482012",
      "Human_Andrew_Sneaking_HP_477004"
    ]
  },
  {
    "task_id": "adapt_Human_Andrew_3",
    "subject": "Human",
    "user": "Andrew",
    "support": [
      "Human_Andrew_Running_HP_468008",
      "Human_Andrew_Intrusion_HP_466006",
      "Human_Andrew_Sneaking_HP_478013",
      "Human_Andrew_Walking_HP_481022",
      "Human_Andrew_Walking_HP_481003"
    ],
    "query": [
      "Human_Andrew_Walking_HP_480010",
      "Human_Andrew_Intrusion_HP_467027",
      "Human_Andrew_Intrusion_HP_465006",
      "Human_Andrew_Running_HP_472009",
      "Human_Andrew_Intrusion_HP_465023",
      "Human_Andrew_Running_HP_468001",
      "Human_Andrew_Intrusion_HP_463005",
      "Human_Andrew_Intrusion_HP_467013",
      "Human_Andrew_Walking_HP_483000",
      "Human_Andrew_Intrusion_HP_467006",
      "Human_Andrew_Sneaking_HP_479000",
      "Human_Andrew_Walking_HP_483003",
      "Human_Andrew_Walking_HP_485001",
      "Human_Andrew_Running_HP_468003",
      "Human_Andrew_Intrusion_HP_462008"
    ]
  },
  {
    "task_id": "adapt_Human_Andrew_4",
    "subject": "Human",
    "user": "Andrew",
    "support": [
      "Human_Andrew_Walking_HP_480004",
      "Human_Andrew_Sneaking_HP_475007",
      "Human_Andrew_Sneaking_HP_474022",
      "Human_Andrew_Intrusion_HP_467019",
      "Human_Andrew_Running_HP_472009"
    ],
    "query": [
      "Human_Andrew_Intrusion_HP_463011",
      "Human_Andrew_Intrusion_HP_465006",
      "Human_Andrew_Walking_HP_483015",
      "Human_Andrew_Walking_HP_483023",
      "Human_Andrew_Sneaking_HP_474010",
      "Human_Andrew_Intrusion_HP_466022",
      "Human_Andrew_Intrusion_HP_462021",
      "Human_Andrew_Sneaking_HP_474015",
      "Human_Andrew_Intrusion_HP_464029",
      "Human_Andrew_Walking_HP_481017",
      "Human_Andrew_Intrusion_HP_466023",
      "Human_Andrew_Walking_HP_483021",
      "Human_Andrew_Running_HP_469001",
      "Human_Andrew_Walking_HP_480022",
      "Human_Andrew_Intrusion_HP_465034"
    ]
  },
  {
    "task_id": "adapt_Human_Brendon_0",
    "subject": "Human",
    "user": "Brendon",
    "support": [
      "Human_Brendon_brendon_all_HP_1540009",
      "Human_Brendon_Intrusion_HP_491021",
      "Human_Brendon_Sneaking_HP_501001",
      "Human_Brendon_brendon_walk_HP_1554022",
      "Human_Brendon_brendon_all_HP_1544002"
    ],
    "query": [
      "Human_Brendon_brendon_sneak_HP_1550019",
      "Human_Brendon_brendon_walk_HP_1553000",
      "Human_Brendon_brendon_all_HP_1541017",
      "Human_Brendon_brendon_walk_HP_1556012",
      "Human_Brendon_Walking_HP_508004",
      "Human_Brendon_Walking_HP_508014",
      "Human_Brendon_Walking_HP_506005",
      "Human_Brendon_Running_HP_495000",
      "Human_Brendon_brendon_all_HP_1542033",
      "Human_Brendon_brendon_all_HP_1541022",
      "Human_Brendon_brendon_walk_HP_1556020",
      "Human_Brendon_Sneaking_HP_499018",
      "Human_Brendon_Sneaking_HP_498001",
      "Human_Brendon_Intrusion_HP_487032",
      "Human_Brendon_Walking_HP_507024"
    ]
  },
  {
    "task_id": "adapt_Human_Brendon_1",
    "subject": "Human",
    "user": "Brendon",
    "support": [
      "Human_Brendon_Running_HP_496001",
      "Human_Brendon_Walking_HP_508017",
      "Human_Brendon_brendon_sneak_HP_1551002",
      "Human_Brendon_Walking_HP_505015",
      "Human_Brendon_brendon_all_HP_1543005"
    ],
    "query": [
      "Human_Brendon_brendon_all_HP_1542013",
      "Human_Brendon_Intrusion_HP_490021",
      "Human_Brendon_brendon_walk_HP_1556008",
      "Human_Brendon_brendon_sneak_HP_1549001",
      "Human_Brendon_brendon_all_HP_1545023",
      "Human_Brendon_brendon_sneak_HP_1551000",
      "Human_Brendon_brendon_walk_HP_1552004",
      "Human_Brendon_Running_HP_492006",
      "Human_Brendon_brendon_all_HP_1542034",
      "Human_Brendon_Sneaking_HP_500017",
      "Human_Brendon_Sneaking_HP_501021",
      "Human_Brendon_brendon_all_HP_1543019",
      "Human_Brendon_brendon_all_HP_1540021",
      "Human_Brendon_Sneaking_HP_499006",
      "Human_Brendon_brendon_walk_HP_1552006"
    ]
  },
  {
    "task_id": "adapt_Human_Brendon_2",
    "subject": "Human",
    "user": "Brendon",
    "support": [
      "Human_Brendon_brendon_walk_HP_1556020",
      "Human_Brendon_brendon_sneak_HP_1550008",
      "Human_Brendon_brendon_sneak_HP_1548016",
      "Human_Brendon_Intrusion_HP_488006",
      "Human_Brendon_Walking_HP_506003"
    ],
    "query": [
      "Human_Brendon_brendon_all_HP_1540004",
      "Human_Brendon_Sneaking_HP_501011",
      "Human_Brendon_brendon_all_HP_1545028",
      "Human_Brendon_Intrusion_HP_489014",
      "Human_Brendon_Intrusion_HP_486022",
      "Human_Brendon_Walking_HP_509006",
      "Human_Brendon_Sneaking_HP_503009",
      "Human_Brendon_brendon_all_HP_1542000",
      "Human_Brendon_Intrusion_HP_487025",
      "Human_Brendon_brendon_all_HP_1545034",
      "Human_Brendon_Walking_HP_507004",
      "Human_Brendon_brendon_walk_HP_1553021",
      "Human_Brendon_brendon_sneak_HP_1548017",
      "Human_Brendon_Running_HP_493002",
      "Human_Brendon_Intrusion_HP_490032"
    ]
  },
  {
    "task_id": "adapt_Human_Brendon_3",
    "subject": "Human",
    "user": "Brendon",
    "support": [
      "Human_Brendon_Running_HP_494007",
      "Human_Brendon_Intrusion_HP_487021",
      "Human_Brendon_Intrusion_HP_486004",
      "Human_Brendon_Walking_HP_506013",
      "Human_Brendon_Intrusion_HP_491009"
    ],
    "query": [
      "Human_Brendon_Walking_HP_507005",
      "Human_Brendon_brendon_walk_HP_1557013",
      "Human_Brendon_Sneaking_HP_503002",
      "Human_Brendon_Walking_HP_507002",
      "Human_Brendon_Walking_HP_509003",
      "Human_Brendon_brendon_all_HP_1545006",
      "Human_Brendon_Walking_HP_509016",
      "Human_Brendon_brendon_all_HP_1541015",
      "Human_Brendon_brendon_all_HP_1542034",
      "Human_Brendon_Intrusion_HP_489005",
      "Human_Brendon_Walking_HP_508008",
      "Human_Brendon_brendon_all_HP_1543007",
      "Human_Brendon_brendon_sneak_HP_1549005",
      "Human_Brendon_brendon_all_HP_1540003",
      "Human_Brendon_Running_HP_495000"
    ]
  },
  {
    "task_id": "adapt_Human_Brendon_4",
    "subject": "Human",
    "user": "Brendon",
    "support": [
      "Human_Brendon_Intrusion_HP_489022",
      "Human_Brendon_brendon_sneak_HP_1547021",
      "Human_Brendon_Sneaking_HP_503005",
      "Human_Brendon_brendon_all_HP_1540034",
      "Human_Brendon_brendon_all_HP_1542007"
    ],
    "query": [
      "Human_Brendon_brendon_all_HP_1542000",
      "Human_Brendon_brendon_sneak_HP_1550023",
      "Human_Brendon_brendon_sneak_HP_1551014",
      "Human_Brendon_Intrusion_HP_488023",
      "Human_Brendon_brendon_sneak_HP_1546023",
      "Human_Brendon_Intrusion_HP_491030",
      "Human_Brendon_Intrusion_HP_488032",
      "Human_Brendon_brendon_all_HP_1544014",
      "Human_Brendon_Intrusion_HP_486022",
      "Human_Brendon_Walking_HP_508018",
      "Human_Brendon_Sneaking_HP_498004",
      "Human_Brendon_brendon_sneak_HP_1548020",
      "Human_Brendon_brendon_sneak_HP_1548015",
      "Human_Brendon_Walking_HP_509011",
      "Human_Brendon_Running_HP_495001"
    ]
  },
  {
    "task_id": "adapt_Human_Brian_0",
    "subject": "Human",
    "user": "Brian",
    "support": [
      "Human_Brian_Sneaking_HP_1403003",
      "Human_Brian_Sneaking_HP_524012",
      "Human_Brian_Jogging_HP_1399013",
      "Human_Brian_Walking_HP_533010",
      "Human_Brian_Jogging_HP_1401019"
    ],
    "query": [
      "Human_Brian_Combined_HP_1394002",
      "Human_Brian_Intrusion_HP_513009",
      "Human_Brian_Walking_HP_1410015",
      "Human_Brian_Sneaking_HP_522004",
      "Human_Brian_Walking_HP_531002",
      "Human_Brian_Sneaking_HP_522003",
      "Human_Brian_Jogging_HP_1401016",
      "Human_Brian_Intrusion_HP_510010",
      "Human_Brian_Intrusion_HP_512011",
      "Human_Brian_Sneaking_HP_524019",
      "Human_Brian_Intrusion_HP_513023",
      "Human_Brian_Walking_HP_531006",
      "Human_Brian_Combined_HP_1395025",
      "Human_Brian_Sneaking_HP_525017",
      "Human_Brian_Running_HP_516001"
    ]
  },
  {
    "task_id": "adapt_Human_Brian_1",
    "subject": "Human",
    "user": "Brian",
    "support": [
      "Human_Brian_Sneaking_HP_1403012",
      "Human_Brian_Walking_HP_530019",
      "Human_Brian_Combined_HP_1392003",
      "Human_Brian_Intrusion_HP_512005",
      "Human_Brian_Sneaking_HP_525008"
    ],
    "query": [
      "Human_Brian_Sneaking_HP_1407020",
      "Human_Brian_Combined_HP_1394020",
      "Human_Brian_Walking_HP_529007",
      "Human_Brian_Sneaking_HP_1406020",
      "Human_Brian_Intrusion_HP_510022",
      "Human_Brian_Intrusion_HP_512034",
      "Human_Brian_Walking_HP_1411020",
      "Human_Brian_Combined_HP_1395014",
      "Human_Brian_Running_HP_520008",
      "Human_Brian_Jogging_HP_1396015",
      "Human_Brian_Sneaking_HP_1405014",
      "Human_Brian_Walking_HP_528002",
      "Human_Brian_Intrusion_HP_513029",
      "Human_Brian_Sneaking_HP_523007",
      "Human_Brian_Walking_HP_1413006"
    ]
  },
  {
    "task_id": "adapt_Human_Brian_2",
    "subject": "Human",
    "user": "Brian",
    "support": [
      "Human_Brian_Intrusion_HP_513015",
      "Human_Brian_Intrusion_HP_513005",
      "Human_Brian_Combined_HP_1395028",
      "Human_Brian_Sneaking_HP_522009",
      "Human_Brian_Walking_HP_1413019"
    ],
    "query": [
      "Human_Brian_Combined_HP_1390000",
      "Human_Brian_Jogging_HP_1398019",
      "Human_Brian_Jogging_HP_1400017",
      "Human_Brian_Combined_HP_1393005",
      "Human_Brian_Sneaking_HP_1406005",
      "Human_Brian_Intrusion_HP_510033",
      "Human_Brian_Running_HP_520007",
      "Human_Brian_Walking_HP_1408009",
      "Human_Brian_Combined_HP_1395002",
      "Human_Brian_Walking_HP_532013",
      "Human_Brian_Sneaking_HP_1404020",
      "Human_Brian_Jogging_HP_1400008",
      "Human_Brian_Combined_HP_1395031",
      "Human_Brian_Jogging_HP_1397023",
      "Human_Brian_Combined_HP_1390021"
    ]
  },
  {
    "task_id": "adapt_Human_Brian_3",
    "subject": "Human",
    "user": "Brian",
    "support": [
      "Human_Brian_Jogging_HP_1399016",
      "Human_Brian_Combined_HP_1392007",
      "Human_Brian_Sneaking_HP_1405001",
      "Human_Brian_Combined_HP_1395028",
      "Human_Brian_Sneaking_HP_1407010"
    ],
    "query": [
      "Human_Brian_Walking_HP_530014",
      "Human_Brian_Running_HP_520004",
      "Human_Brian_Walking_HP_1411016",
      "Human_Brian_Running_HP_518011",
      "Human_Brian_Intrusion_HP_512031",
      "Human_Brian_Walking_HP_533006",
      "Human_Brian_Walking_HP_1409004",
      "Human_Brian_Intrusion_HP_514019",
      "Human_Brian_Walking_HP_531015",
      "Human_Brian_Walking_HP_1410001",
      "Human_Brian_Walking_HP_1412012",
      "Human_Brian_Jogging_HP_1401014",
      "Human_Brian_Intrusion_HP_512004",
      "Human_Brian_Intrusion_HP_513001",
      "Human_Brian_Jogging_HP_1400023"
    ]
  },
  {
    "task_id": "adapt_Human_Brian_4",
    "subject": "Human",
    "user": "Brian",
    "support": [
      "Human_Brian_Jogging_HP_1397009",
      "Human_Brian_Sneaking_HP_522012",
      "Human_Brian_Sneaking_HP_525015",
      "Human_Brian_Intrusion_HP_515018",
      "Human_Brian_Sneaking_HP_527013"
    ],
    "query": [
      "Human_Brian_Intrusion_HP_512033",
      "Human_Brian_Intrusion_HP_513022",
      "Human_Brian_Sneaking_HP_1402017",
      "Human_Brian_Walking_HP_529014",
      "Human_Brian_Walking_HP_1408004",
      "Human_Brian_Sneaking_HP_1402013",
      "Human_Brian_Running_HP_516011",
      "Human_Brian_Intrusion_HP_515019",
      "Human_Brian_Walking_HP_1409011",
      "Human_Brian_Intrusion_HP_513031",
      "Human_Brian_Sneaking_HP_522016",
      "Human_Brian_Walking_HP_1412011",
      "Human_Brian_Intrusion_HP_514031",
      "Human_Brian_Combined_HP_1395027",
      "Human_Brian_Intrusion_HP_515000"
    ]
  },
  {
    "task_id": "adapt_Human_Weihang_0",
    "subject": "Human",
    "user": "Weihang",
    "support": [
      "Human_Weihang_Sneaking_HP_1450003",
      "Human_Weihang_Combined_HP_1441009",
      "Human_Weihang_Walking_HP_1458009",
      "Human_Weihang_Combined_HP_1438030",
      "Human_Weihang_Walking_HP_1457020"
    ],
    "query": [
      "Human_Weihang_Jogging_HP_1445004",
      "Human_Weihang_Combined_HP_1438017",
      "Human_Weihang_Combined_HP_1438004",
      "Human_Weihang_Walking_HP_1457000",
      "Human_Weihang_Jogging_HP_1444012",
      "Human_Weihang_Combined_HP_1438034",
      "Human_Weihang_Walking_HP_1461000",
      "Human_Weihang_Walking_HP_1461018",
      "Human_Weihang_Combined_HP_1442019",
      "Human_Weihang_Jogging_HP_1447011",
      "Human_Weihang_Combined_HP_1440023",
      "Human_Weihang_Combined_HP_1442001",
      "Human_Weihang_Walking_HP_1456015",
      "Human_Weihang_Sneaking_HP_1455001",
      "Human_Weihang_Sneaking_HP_1453023"
    ]
  },
  {
    "task_id": "adapt_Human_Weihang_1",
    "subject": "Human",
    "user": "Weihang",
    "support": [
      "Human_Weihang_Combined_HP_1440034",
      "Human_Weihang_Sneaking_HP_1450010",
      "Human_Weihang_Jogging_HP_1448023",
      "Human_Weihang_Combined_HP_1440015",
      "Human_Weihang_Sneaking_HP_1450015"
    ],
    "query": [
      "Human_Weihang_Sneaking_HP_1452005",
      "Human_Weihang_Walking_HP_1459019",
      "Human_Weihang_Sneaking_HP_1453017",
      "Human_Weihang_Combined_HP_1443019",
      "Human_Weihang_Jogging_HP_1444021",
      "Human_Weihang_Walking_HP_1458007",
      "Human_Weihang_Sneaking_HP_1451021",
      "Human_Weihang_Combined_HP_1442003",
      "Human_Weihang_Sneaking_HP_1455016",
      "Human_Weihang_Jogging_HP_1445009",
      "Human_Weihang_Jogging_HP_1446015",
      "Human_Weihang_Walking_HP_1456021",
      "Human_Weihang_Walking_HP_1460003",
      "Human_Weihang_Combined_HP_1441032",
      "Human_Weihang_Combined_HP_1438030"
    ]
  },
  {
    "task_id": "adapt_Human_Weihang_2",
    "subject": "Human",
    "user": "Weihang",
    "support": [
      "Human_Weihang_Jogging_HP_1445010",
      "Human_Weihang_Sneaking_HP_1450015",
      "Human_Weihang_Jogging_HP_1445008",
      "Human_Weihang_Combined_HP_1441014",
      "Human_Weihang_Combined_HP_1441023"
    ],
    "query": [
      "Human_Weihang_Jogging_HP_1444018",
      "Human_Weihang_Combined_HP_1441013",
      "Human_Weihang_Walking_HP_1461002",
      "Human_Weihang_Sneaking_HP_1454012",
      "Human_Weihang_Walking_HP_1456007",
      "Human_Weihang_Sneaking_HP_1454002",
      "Human_Weihang_Sneaking_HP_1451016",
      "Human_Weihang_Walking_HP_1457002",
      "Human_Weihang_Combined_HP_1442034",
      "Human_Weihang_Walking_HP_1457019",
      "Human_Weihang_Combined_HP_1438027",
      "Human_Weihang_Jogging_HP_1448012",
      "Human_Weihang_Walking_HP_1457003",
      "Human_Weihang_Sneaking_HP_1451022",
      "Human_Weihang_Combined_HP_1438014"
    ]
  },
  {
    "task_id": "adapt_Human_Weihang_3",
    "subject": "Human",
    "user": "Weihang",
    "support": [
      "Human_Weihang_Combined_HP_1442007",
      "Human_Weihang_Sneaking_HP_1453019",
      "Human_Weihang_Walking_HP_1458006",
      "Human_Weihang_Sneaking_HP_1453001",
      "Human_Weihang_Jogging_HP_1447022"
    ],
    "query": [
      "Human_Weihang_Sneaking_HP_1453004",
      "Human_Weihang_Combined_HP_1438018",
      "Human_Weihang_Sneaking_HP_1451011",
      "Human_Weihang_Walking_HP_1458017",
      "Human_Weihang_Jogging_HP_1446004",
      "Human_Weihang_Combined_HP_1438015",
      "Human_Weihang_Sneaking_HP_1453012",
      "Human_Weihang_Jogging_HP_1445013",
      "Human_Weihang_Walking_HP_1457003",
      "Human_Weihang_Combined_HP_1443016",
      "Human_Weihang_Jogging_HP_1446012",
      "Human_Weihang_Sneaking_HP_1452016",
      "Human_Weihang_Combined_HP_1440005",
      "Human_Weihang_Sneaking_HP_1454021",
      "Human_Weihang_Jogging_HP_1449017"
    ]
  },
  {
    "task_id": "adapt_Human_Weihang_4",
    "subject": "Human",
    "user": "Weihang",
    "support": [
      "Human_Weihang_Jogging_HP_1447010",
      "Human_Weihang_Sneaking_HP_1451023",
      "Human_Weihang_Walking_HP_1460002",
      "Human_Weihang_Combined_HP_1438022",
      "Human_Weihang_Walking_HP_1461017"
    ],
    "query": [
      "Human_Weihang_Combined_HP_1438028",
      "Human_Weihang_Jogging_HP_1447018",
      "Human_Weihang_Sneaking_HP_1452016",
      "Human_Weihang_Walking_HP_1461020",
      "Human_Weihang_Jogging_HP_1445009",
      "Human_Weihang_Jogging_HP_1445013",
      "Human_Weihang_Sneaking_HP_1455012",
      "Human_Weihang_Walking_HP_1456015",
      "Human_Weihang_Combined_HP_1439016",
      "Human_Weihang_Jogging_HP_1445018",
      "Human_Weihang_Jogging_HP_1445019",
      "Human_Weihang_Combined_HP_1439024",
      "Human_Weihang_Jogging_HP_1444013",
      "Human_Weihang_Combined_HP_1439027",
      "Human_Weihang_Walking_HP_1461012"
    ]
  },
  {
    "task_id": "adapt_Pet_4_13_2023 Saint_0",
    "subject": "Pet",
    "user": "4_13_2023 Saint",
    "support": [
      "Pet_4_13_2023 Saint_Test_3_HP_855007",
      "Pet_4_13_2023 Saint_Test_8_HP_884020",
      "Pet_4_13_2023 Saint_Test_4_HP_865024",
      "Pet_4_13_2023 Saint_Test_1_HP_844041",
      "Pet_4_13_2023 Saint_Test_8_HP_888012"
    ],
    "query": [
      "Pet_4_13_2023 Saint_Test_1_HP_842057",
      "Pet_4_13_2023 Saint_Test_4_HP_860003",
      "Pet_4_13_2023 Saint_Test_6_HP_877008",
      "Pet_4_13_2023 Saint_Test_3_HP_854017",
      "Pet_4_13_2023 Saint_Test_6_HP_874007",
      "Pet_4_13_2023 Saint_Test_1_HP_844022",
      "Pet_4_13_2023 Saint_Test_2_HP_849001",
      "Pet_4_13_2023 Saint_Test_3_HP_859016",
      "Pet_4_13_2023 Saint_Test_3_HP_859034",
      "Pet_4_13_2023 Saint_Test_6_HP_874022",
      "Pet_4_13_2023 Saint_Test_6_HP_872016",
      "Pet_4_13_2023 Saint_Test_6_HP_874012",
      "Pet_4_13_2023 Saint_Test_2_HP_850025",
      "Pet_4_13_2023 Saint_Test_8_HP_885030",
      "Pet_4_13_2023 Saint_Test_7_HP_881021"
    ]
  },
  {
    "task_id": "adapt_Pet_4_13_2023 Saint_1",
    "subject": "Pet",
    "user": "4_13_2023 Saint",
    "support": [
      "Pet_4_13_2023 Saint_Test_6_HP_875033",
      "Pet_4_13_2023 Saint_Test_4_HP_860035",
      "Pet_4_13_2023 Saint_Test_4_HP_863000",
      "Pet_4_13_2023 Saint_Test_8_HP_889035",
      "Pet_4_13_2023 Saint_Test_3_HP_854013"
    ],
    "query": [
      "Pet_4_13_2023 Saint_Test_8_HP_884027",
      "Pet_4_13_2023 Saint_Test_4_HP_863006",
      "Pet_4_13_2023 Saint_Test_1_HP_843055",
      "Pet_4_13_2023 Saint_Test_6_HP_875003",
      "Pet_4_13_2023 Saint_Test_1_HP_847015",
      "Pet_4_13_2023 Saint_Test_1_HP_845052",
      "Pet_4_13_2023 Saint_Test_8_HP_886030",
      "Pet_4_13_2023 Saint_Test_1_HP_846023",
      "Pet_4_13_2023 Saint_Test_6_HP_875017",
      "Pet_4_13_2023 Saint_Test_3_HP_856028",
      "Pet_4_13_2023 Saint_Test_6_HP_873015",
      "Pet_4_13_2023 Saint_Test_1_HP_842049",
      "Pet_4_13_2023 Saint_Test_5_HP_867000",
      "Pet_4_13_2023 Saint_Test_7_HP_880008",
      "Pet_4_13_2023 Saint_Test_4_HP_861017"
    ]
  },
  {
    "task_id": "adapt_Pet_4_13_2023 Saint_2",
    "subject": "Pet",
    "user": "4_13_2023 Saint",
    "support": [
      "Pet_4_13_2023 Saint_Test_1_HP_847053",
      "Pet_4_13_2023 Saint_Test_1_HP_843056",
      "Pet_4_13_2023 Saint_Test_6_HP_876000",
      "Pet_4_13_2023 Saint_Test_2_HP_848023",
      "Pet_4_13_2023 Saint_Test_6_HP_874030"
    ],
    "query": [
      "Pet_4_13_2023 Saint_Test_8_HP_886020",
      "Pet_4_13_2023 Saint_Test_2_HP_853006",
      "Pet_4_13_2023 Saint_Test_8_HP_888003",
      "Pet_4_13_2023 Saint_Test_1_HP_847042",
      "Pet_4_13_2023 Saint_Test_5_HP_866030",
      "Pet_4_13_2023 Saint_Test_8_HP_887029",
      "Pet_4_13_2023 Saint_Test_5_HP_868025",
      "Pet_4_13_2023 Saint_Test_7_HP_880007",
      "Pet_4_13_2023 Saint_Test_8_HP_886031",
      "Pet_4_13_2023 Saint_Test_6_HP_875022",
      "Pet_4_13_2023 Saint_Test_1_HP_844002",
      "Pet_4_13_2023 Saint_Test_6_HP_876027",
      "Pet_4_13_2023 Saint_Test_3_HP_858020",
      "Pet_4_13_2023 Saint_Test_1_HP_843041",
      "Pet_4_13_2023 Saint_Test_7_HP_880023"
    ]
  },
  {
    "task_id": "adapt_Pet_4_13_2023 Saint_3",
    "subject": "Pet",
    "user": "4_13_2023 Saint",
    "support": [
      "Pet_4_13_2023 Saint_Test_6_HP_872022",
      "Pet_4_13_2023 Saint_Test_2_HP_848024",
      "Pet_4_13_2023 Saint_Test_2_HP_853025",
      "Pet_4_13_2023 Saint_Test_5_HP_867017",
      "Pet_4_13_2023 Saint_Test_2_HP_849018"
    ],
    "query": [
      "Pet_4_13_2023 Saint_Test_4_HP_861030",
      "Pet_4_13_2023 Saint_Test_3_HP_856006",
      "Pet_4_13_2023 Saint_Test_2_HP_851010",
      "Pet_4_13_2023 Saint_Test_8_HP_887026",
      "Pet_4_13_2023 Saint_Test_2_HP_851025",
      "Pet_4_13_2023 Saint_Test_6_HP_874022",
      "Pet_4_13_2023 Saint_Test_5_HP_869019",
      "Pet_4_13_2023 Saint_Test_1_HP_842022",
      "Pet_4_13_2023 Saint_Test_6_HP_875017",
      "Pet_4_13_2023 Saint_Test_6_HP_872028",
      "Pet_4_13_2023 Saint_Test_6_HP_876021",
      "Pet_4_13_2023 Saint_Test_1_HP_846039",
      "Pet_4_13_2023 Saint_Test_7_HP_878032",
      "Pet_4_13_2023 Saint_Test_1_HP_844038",
      "Pet_4_13_2023 Saint_Test_1_HP_845020"
    ]
  },
  {
    "task_id": "adapt_Pet_4_13_2023 Saint_4",
    "subject": "Pet",
    "user": "4_13_2023 Saint",
    "support": [
      "Pet_4_13_2023 Saint_Test_6_HP_873032",
      "Pet_4_13_2023 Saint_Test_7_HP_883032",
      "Pet_4_13_2023 Saint_Test_6_HP_874007",
      "Pet_4_13_2023 Saint_Test_6_HP_877012",
      "Pet_4_13_2023 Saint_Test_1_HP_845041"
    ],
    "query": [
      "Pet_4_13_2023 Saint_Test_2_HP_848017",
      "Pet_4_13_2023 Saint_Test_1_HP_845004",
      "Pet_4_13_2023 Saint_Test_2_HP_852013",
      "Pet_4_13_2023 Saint_Test_4_HP_860003",
      "Pet_4_13_2023 Saint_Test_6_HP_872006",
      "Pet_4_13_2023 Saint_Test_1_HP_846055",
      "Pet_4_13_2023 Saint_Test_6_HP_875011",
      "Pet_4_13_2023 Saint_Test_8_HP_889029",
      "Pet_4_13_2023 Saint_Test_1_HP_847036",
      "Pet_4_13_2023 Saint_Test_1_HP_845002",
      "Pet_4_13_2023 Saint_Test_8_HP_885011",
      "Pet_4_13_2023 Saint_Test_6_HP_876014",
      "Pet_4_13_2023 Saint_Test_1_HP_844001",
      "Pet_4_13_2023 Saint_Test_4_HP_865020",
      "Pet_4_13_2023 Saint_Test_2_HP_848002"
    ]
  },
  {
    "task_id": "adapt_Pet_4_13_2023 Zelda_0",
    "subject": "Pet",
    "user": "4_13_2023 Zelda",
    "support": [
      "Pet_4_13_2023 Zelda_Test_7_HP_926024",
      "Pet_4_13_2023 Zelda_Test_1_HP_891020",
      "Pet_4_13_2023 Zelda_Test_2_HP_896024",
      "Pet_4_13_2023 Zelda_Test_2_HP_897013",
      "Pet_4_13_2023 Zelda_Test_4_HP_911006"
    ],
    "query": [
      "Pet_4_13_2023 Zelda_Test_4_HP_908008",
      "Pet_4_13_2023 Zelda_Test_5_HP_914033",
      "Pet_4_13_2023 Zelda_Test_5_HP_912014",
      "Pet_4_13_2023 Zelda_Test_3_HP_901013",
      "Pet_4_13_2023 Zelda_Test_7_HP_924015",
      "Pet_4_13_2023 Zelda_Test_1_HP_892000",
      "Pet_4_13_2023 Zelda_Test_4_HP_911001",
      "Pet_4_13_2023 Zelda_Test_7_HP_926031",
      "Pet_4_13_2023 Zelda_Test_6_HP_919027",
      "Pet_4_13_2023 Zelda_Test_7_HP_926007",
      "Pet_4_13_2023 Zelda_Test_3_HP_900000",
      "Pet_4_13_2023 Zelda_Test_3_HP_902025",
      "Pet_4_13_2023 Zelda_Test_2_HP_895026",
      "Pet_4_13_2023 Zelda_Test_2_HP_898023",
      "Pet_4_13_2023 Zelda_Test_2_HP_897002"
    ]
  },
  {
    "task_id": "adapt_Pet_4_13_2023 Zelda_1",
    "subject": "Pet",
    "user": "4_13_2023 Zelda",
    "support": [
      "Pet_4_13_2023 Zelda_Test_5_HP_912009",
      "Pet_4_13_2023 Zelda_Test_1_HP_892031",
      "Pet_4_13_2023 Zelda_Test_6_HP_919022",
      "Pet_4_13_2023 Zelda_Test_2_HP_899004",
      "Pet_4_13_2023 Zelda_Test_7_HP_926020"
    ],
    "query": [
      "Pet_4_13_2023 Zelda_Test_1_HP_890021",
      "Pet_4_13_2023 Zelda_Test_2_HP_895001",
      "Pet_4_13_2023 Zelda_Test_7_HP_927004",
      "Pet_4_13_2023 Zelda_Test_5_HP_916022",
      "Pet_4_13_2023 Zelda_Test_5_HP_914018",
      "Pet_4_13_2023 Zelda_Test_6_HP_923030",
      "Pet_4_13_2023 Zelda_Test_1_HP_894034",
      "Pet_4_13_2023 Zelda_Test_7_HP_926025",
      "Pet_4_13_2023 Zelda_Test_5_HP_914029",
      "Pet_4_13_2023 Zelda_Test_3_HP_903021",
      "Pet_4_13_2023 Zelda_Test_3_HP_901011",
      "Pet_4_13_2023 Zelda_Test_6_HP_923028",
      "Pet_4_13_2023 Zelda_Test_7_HP_928000",
      "Pet_4_13_2023 Zelda_Test_4_HP_907011",
      "Pet_4_13_2023 Zelda_Test_5_HP_913008"
    ]
  },
  {
    "task_id": "adapt_Pet_4_13_2023 Zelda_2",
    "subject": "Pet",
    "user": "4_13_2023 Zelda",
    "support": [
      "Pet_4_13_2023 Zelda_Test_7_HP_928022",
      "Pet_4_13_2023 Zelda_Test_6_HP_923007",
      "Pet_4_13_2023 Zelda_Test_7_HP_928004",
      "Pet_4_13_2023 Zelda_Test_1_HP_891009",
      "Pet_4_13_2023 Zelda_Test_7_HP_925035"
    ],
    "query": [
      "Pet_4_13_2023 Zelda_Test_7_HP_924006",
      "Pet_4_13_2023 Zelda_Test_7_HP_927006",
      "Pet_4_13_2023 Zelda_Test_4_HP_906010",
      "Pet_4_13_2023 Zelda_Test_4_HP_911006",
      "Pet_4_13_2023 Zelda_Test_7_HP_927008",
      "Pet_4_13_2023 Zelda_Test_6_HP_921033",
      "Pet_4_13_2023 Zelda_Test_3_HP_903002",
      "Pet_4_13_2023 Zelda_Test_3_HP_903001",
      "Pet_4_13_2023 Zelda_Test_7_HP_926014",
      "Pet_4_13_2023 Zelda_Test_3_HP_902009",
      "Pet_4_13_2023 Zelda_Test_4_HP_909015",
      "Pet_4_13_2023 Zelda_Test_5_HP_913004",
      "Pet_4_13_2023 Zelda_Test_3_HP_905018",
      "Pet_4_13_2023 Zelda_Test_1_HP_890031",
      "Pet_4_13_2023 Zelda_Test_2_HP_896010"
    ]
  },
  {
    "task_id": "adapt_Pet_4_13_2023 Zelda_3",
    "subject": "Pet",
    "user": "4_13_2023 Zelda",
    "support": [
      "Pet_4_13_2023 Zelda_Test_6_HP_922034",
      "Pet_4_13_2023 Zelda_Test_4_HP_911010",
      "Pet_4_13_2023 Zelda_Test_5_HP_915010",
      "Pet_4_13_2023 Zelda_Test_4_HP_909033",
      "Pet_4_13_2023 Zelda_Test_5_HP_912024"
    ],
    "query": [
      "Pet_4_13_2023 Zelda_Test_7_HP_925010",
      "Pet_4_13_2023 Zelda_Test_1_HP_893030",
      "Pet_4_13_2023 Zelda_Test_7_HP_924005",
      "Pet_4_13_2023 Zelda_Test_3_HP_904011",
      "Pet_4_13_2023 Zelda_Test_5_HP_914014",
      "Pet_4_13_2023 Zelda_Test_6_HP_922026",
      "Pet_4_13_2023 Zelda_Test_2_HP_897033",
      "Pet_4_13_2023 Zelda_Test_3_HP_900028",
      "Pet_4_13_2023 Zelda_Test_5_HP_917014",
      "Pet_4_13_2023 Zelda_Test_6_HP_920003",
      "Pet_4_13_2023 Zelda_Test_7_HP_927018",
      "Pet_4_13_2023 Zelda_Test_7_HP_925008",
      "Pet_4_13_2023 Zelda_Test_1_HP_893025",
      "Pet_4_13_2023 Zelda_Test_4_HP_907010",
      "Pet_4_13_2023 Zelda_Test_2_HP_896022"
    ]
  },
  {
    "task_id": "adapt_Pet_4_13_2023 Zelda_4",
    "subject": "Pet",
    "user": "4_13_2023 Zelda",
    "support": [
      "Pet_4_13_2023 Zelda_Test_1_HP_891027",
      "Pet_4_13_2023 Zelda_Test_5_HP_916001",
      "Pet_4_13_2023 Zelda_Test_7_HP_928025",
      "Pet_4_13_2023 Zelda_Test_7_HP_928032",
      "Pet_4_13_2023 Zelda_Test_7_HP_927010"
    ],
    "query": [
      "Pet_4_13_2023 Zelda_Test_5_HP_913004",
      "Pet_4_13_2023 Zelda_Test_2_HP_898012",
      "Pet_4_13_2023 Zelda_Test_6_HP_922024",
      "Pet_4_13_2023 Zelda_Test_1_HP_893025",
      "Pet_4_13_2023 Zelda_Test_5_HP_915019",
      "Pet_4_13_2023 Zelda_Test_6_HP_923025",
      "Pet_4_13_2023 Zelda_Test_7_HP_926023",
      "Pet_4_13_2023 Zelda_Test_2_HP_896017",
      "Pet_4_13_2023 Zelda_Test_6_HP_919020",
      "Pet_4_13_2023 Zelda_Test_2_HP_896009",
      "Pet_4_13_2023 Zelda_Test_2_HP_899003",
      "Pet_4_13_2023 Zelda_Test_4_HP_911024",
      "Pet_4_13_2023 Zelda_Test_2_HP_897033",
      "Pet_4_13_2023 Zelda_Test_6_HP_923004",
      "Pet_4_13_2023 Zelda_Test_4_HP_906017"
    ]
  },
  {
    "task_id": "adapt_Pet_Thunder_0",
    "subject": "Pet",
    "user": "Thunder",
    "support": [
      "Pet_Thunder_Test_1_HP_1499017",
      "Pet_Thunder_Test_3_HP_1514013",
      "Pet_Thunder_Test_3_HP_1510004",
      "Pet_Thunder_Test_2_HP_1508012",
      "Pet_Thunder_Test_5_HP_1526002"
    ],
    "query": [
      "Pet_Thunder_Test_4_HP_1517022",
      "Pet_Thunder_Test_1_HP_1503030",
      "Pet_Thunder_Test_3_HP_1511017",
      "Pet_Thunder_Test_6_HP_1532007",
      "Pet_Thunder_Test_6_HP_1531031",
      "Pet_Thunder_Test_5_HP_1526029",
      "Pet_Thunder_Test_3_HP_1513007",
      "Pet_Thunder_Test_2_HP_1507034",
      "Pet_Thunder_Test_6_HP_1532032",
      "Pet_Thunder_Test_5_HP_1522034",
      "Pet_Thunder_Test_7_HP_1539020",
      "Pet_Thunder_Test_2_HP_1504028",
      "Pet_Thunder_Test_6_HP_1531004",
      "Pet_Thunder_Test_1_HP_1503002",
      "Pet_Thunder_Test_3_HP_1515034"
    ]
  },
  {
    "task_id": "adapt_Pet_Thunder_1",
    "subject": "Pet",
    "user": "Thunder",
    "support": [
      "Pet_Thunder_Test_1_HP_1500006",
      "Pet_Thunder_Test_4_HP_1517031",
      "Pet_Thunder_Test_1_HP_1501012",
      "Pet_Thunder_Test_3_HP_1512035",
      "Pet_Thunder_Test_2_HP_1507035"
    ],
    "query": [
      "Pet_Thunder_Test_1_HP_1500029",
      "Pet_Thunder_Test_5_HP_1527024",
      "Pet_Thunder_Test_3_HP_1515007",
      "Pet_Thunder_Test_3_HP_1511001",
      "Pet_Thunder_Test_6_HP_1530022",
      "Pet_Thunder_Test_5_HP_1527028",
      "Pet_Thunder_Test_2_HP_1506017",
      "Pet_Thunder_Test_2_HP_1505034",
      "Pet_Thunder_Test_7_HP_1537025",
      "Pet_Thunder_Test_3_HP_1510025",
      "Pet_Thunder_Test_5_HP_1526010",
      "Pet_Thunder_Test_6_HP_1528004",
      "Pet_Thunder_Test_1_HP_1498027",
      "Pet_Thunder_Test_3_HP_1513013",
      "Pet_Thunder_Test_7_HP_1539030"
    ]
  },
  {
    "task_id": "adapt_Pet_Thunder_2",
    "subject": "Pet",
    "user": "Thunder",
    "support": [
      "Pet_Thunder_Test_6_HP_1532007",
      "Pet_Thunder_Test_7_HP_1537030",
      "Pet_Thunder_Test_3_HP_1510023",
      "Pet_Thunder_Test_6_HP_1530007",
      "Pet_Thunder_Test_3_HP_1510016"
    ],
    "query": [
      "Pet_Thunder_Test_1_HP_1499030",
      "Pet_Thunder_Test_2_HP_1507024",
      "Pet_Thunder_Test_6_HP_1533027",
      "Pet_Thunder_Test_4_HP_1521008",
      "Pet_Thunder_Test_5_HP_1527007",
      "Pet_Thunder_Test_1_HP_1499014",
      "Pet_Thunder_Test_1_HP_1501002",
      "Pet_Thunder_Test_7_HP_1539020",
      "Pet_Thunder_Test_1_HP_1499021",
      "Pet_Thunder_Test_5_HP_1525011",
      "Pet_Thunder_Test_6_HP_1530017",
      "Pet_Thunder_Test_1_HP_1499005",
      "Pet_Thunder_Test_3_HP_1513033",
      "Pet_Thunder_Test_6_HP_1533016",
      "Pet_Thunder_Test_6_HP_1532028"
    ]
  },
  {
    "task_id": "adapt_Pet_Thunder_3",
    "subject": "Pet",
    "user": "Thunder",
    "support": [
      "Pet_Thunder_Test_3_HP_1514005",
      "Pet_Thunder_Test_3_HP_1513011",
      "Pet_Thunder_Test_2_HP_1506026",
      "Pet_Thunder_Test_3_HP_1513035",
      "Pet_Thunder_Test_2_HP_1509025"
    ],
    "query": [
      "Pet_Thunder_Test_3_HP_1513022",
      "Pet_Thunder_Test_3_HP_1510021",
      "Pet_Thunder_Test_6_HP_1528003",
      "Pet_Thunder_Test_2_HP_1507002",
      "Pet_Thunder_Test_2_HP_1504021",
      "Pet_Thunder_Test_6_HP_1533010",
      "Pet_Thunder_Test_1_HP_1501031",
      "Pet_Thunder_Test_4_HP_1516033",
      "Pet_Thunder_Test_1_HP_1502034",
      "Pet_Thunder_Test_3_HP_1514001",
      "Pet_Thunder_Test_6_HP_1533022",
      "Pet_Thunder_Test_3_HP_1513016",
      "Pet_Thunder_Test_2_HP_1509021",
      "Pet_Thunder_Test_2_HP_1506022",
      "Pet_Thunder_Test_5_HP_1522012"
    ]
  },
  {
    "task_id": "adapt_Pet_Thunder_4",
    "subject": "Pet",
    "user": "Thunder",
    "support": [
      "Pet_Thunder_Test_5_HP_1527024",
      "Pet_Thunder_Test_2_HP_1507030",
      "Pet_Thunder_Test_2_HP_1508007",
      "Pet_Thunder_Test_1_HP_1502034",
      "Pet_Thunder_Test_5_HP_1527004"
    ],
    "query": [
      "Pet_Thunder_Test_1_HP_1498030",
      "Pet_Thunder_Test_2_HP_1508004",
      "Pet_Thunder_Test_2_HP_1508006",
      "Pet_Thunder_Test_4_HP_1519025",
      "Pet_Thunder_Test_3_HP_1511031",
      "Pet_Thunder_Test_5_HP_1522028",
      "Pet_Thunder_Test_7_HP_1538006",
      "Pet_Thunder_Test_1_HP_1503006",
      "Pet_Thunder_Test_7_HP_1536020",
      "Pet_Thunder_Test_4_HP_1521007",
      "Pet_Thunder_Test_2_HP_1507027",
      "Pet_Thunder_Test_3_HP_1512024",
      "Pet_Thunder_Test_3_HP_1515017",
      "Pet_Thunder_Test_7_HP_1536013",
      "Pet_Thunder_Test_6_HP_1532005"
    ]
  }
]