[
  {
    "task_id": "adapt_Fan_loc 1_0",
    "subject": "Fan",
    "user": "loc 1",
    "support": [
      "Fan_loc 1_Position_2_HP_10024",
      "Fan_loc 1_Position_1_HP_5013",
      "Fan_loc 1_Position_1_HP_5034",
      "Fan_loc 1_Position_2_HP_11014",
      "Fan_loc 1_Position_2_HP_8009"
    ],
    "query": [
      "Fan_loc 1_Position_2_HP_9010",
      "Fan_loc 1_Position_1_HP_2003",
      "Fan_loc 1_Position_2_HP_12012",
      "Fan_loc 1_Position_2_HP_10007",
      "Fan_loc 1_Position_1_HP_1015",
      "Fan_loc 1_Position_1_HP_1027",
      "Fan_loc 1_Position_2_HP_12018",
      "Fan_loc 1_Position_2_HP_9059",
      "Fan_loc 1_Position_2_HP_9017",
      "Fan_loc 1_Position_2_HP_8055",
      "Fan_loc 1_Position_2_HP_8048",
      "Fan_loc 1_Position_1_HP_5036",
      "Fan_loc 1_Position_1_HP_6035",
      "Fan_loc 1_Position_2_HP_7034",
      "Fan_loc 1_Position_2_HP_7001"
    ]
  },
  {
    "task_id": "adapt_Fan_loc 1_1",
    "subject": "Fan",
    "user": "loc 1",
    "support": [
      "Fan_loc 1_Position_1_HP_1015",
      "Fan_loc 1_Position_1_HP_3008",
      "Fan_loc 1_Position_1_HP_3052",
      "Fan_loc 1_Position_2_HP_8027",
      "Fan_loc 1_Position_2_HP_12030"
    ],
    "query": [
      "Fan_loc 1_Position_2_HP_7048",
      "Fan_loc 1_Position_1_HP_1036",
      "Fan_loc 1_Position_1_HP_3054",
      "Fan_loc 1_Position_2_HP_7015",
      "Fan_loc 1_Position_1_HP_1032",
      "Fan_loc 1_Position_1_HP_4050",
      "Fan_loc 1_Position_1_HP_5034",
      "Fan_loc 1_Position_2_HP_7009",
      "Fan_loc 1_Position_1_HP_2037",
      "Fan_loc 1_Position_2_HP_12043",
      "Fan_loc 1_Position_1_HP_4040",
      "Fan_loc 1_Position_1_HP_2021",
      "Fan_loc 1_Position_1_HP_6054",
      "Fan_loc 1_Position_2_HP_10058",
      "Fan_loc 1_Position_2_HP_10033"
    ]
  },
  {
    "task_id": "adapt_Fan_loc 1_2",
    "subject": "Fan",
    "user": "loc 1",
    "support": [
      "Fan_loc 1_Position_1_HP_2024",
      "Fan_loc 1_Position_2_HP_12018",
      "Fan_loc 1_Position_1_HP_6023",
      "Fan_loc 1_Position_2_HP_11031",
      "Fan_loc 1_Position_2_HP_12030"
    ],
    "query": [
      "Fan_loc 1_Position_2_HP_9005",
      "Fan_loc 1_Position_1_HP_5010",
      "Fan_loc 1_Position_2_HP_10028",
      "Fan_loc 1_Position_2_HP_12020",
      "Fan_loc 1_Position_1_HP_3013",
      "Fan_loc 1_Position_1_HP_3034",
      "Fan_loc 1_Position_1_HP_6048",
      "Fan_loc 1_Position_1_HP_2015",
      "Fan_loc 1_Position_1_HP_4047",
      "Fan_loc 1_Position_2_HP_10001",
      "Fan_loc 1_Position_2_HP_10047",
      "Fan_loc 1_Position_1_HP_4035",
      "Fan_loc 1_Position_2_HP_10013",
      "Fan_loc 1_Position_1_HP_3057",
      "Fan_loc 1_Position_1_HP_3042"
    ]
  },
  {
    "task_id": "adapt_Fan_loc 1_3",
    "subject": "Fan",
    "user": "loc 1",
    "support": [
      "Fan_loc 1_Position_2_HP_8011",
      "Fan_loc 1_Position_2_HP_12004",
      "Fan_loc 1_Position_2_HP_11024",
      "Fan_loc 1_Position_1_HP_3048",
      "Fan_loc 1_Position_2_HP_8035"
    ],
    "query": [
      "Fan_loc 1_Position_2_HP_9007",
      "Fan_loc 1_Position_2_HP_10022",
      "Fan_loc 1_Position_1_HP_3022",
      "Fan_loc 1_Position_1_HP_5057",
      "Fan_loc 1_Position_1_HP_3015",
      "Fan_loc 1_Position_2_HP_9001",
      "Fan_loc 1_Position_1_HP_1053",
      "Fan_loc 1_Position_2_HP_7032",
      "Fan_loc 1_Position_2_HP_8028",
      "Fan_loc 1_Position_2_HP_8034",
      "Fan_loc 1_Position_1_HP_2008",
      "Fan_loc 1_Position_2_HP_7040",
      "Fan_loc 1_Position_2_HP_9005",
      "Fan_loc 1_Position_1_HP_4008",
      "Fan_loc 1_Position_2_HP_9016"
    ]
  },
  {
    "task_id": "adapt_Fan_loc 1_4",
    "subject": "Fan",
    "user": "loc 1",
    "support": [
      "Fan_loc 1_Position_1_HP_5016",
      "Fan_loc 1_Position_2_HP_8005",
      "Fan_loc 1_Position_2_HP_12051",
      "Fan_loc 1_Position_1_HP_4040",
      "Fan_loc 1_Position_2_HP_7056"
    ],
    "query": [
      "Fan_loc 1_Position_2_HP_10051",
      "Fan_loc 1_Position_1_HP_4028",
      "Fan_loc 1_Position_2_HP_11035",
      "Fan_loc 1_Position_2_HP_9059",
      "Fan_loc 1_Position_2_HP_12029",
      "Fan_loc 1_Position_2_HP_7014",
      "Fan_loc 1_Position_2_HP_12003",
      "Fan_loc 1_Position_1_HP_5020",
      "Fan_loc 1_Position_1_HP_6017",
      "Fan_loc 1_Position_2_HP_11015",
      "Fan_loc 1_Position_1_HP_5008",
      "Fan_loc 1_Position_2_HP_10029",
      "Fan_loc 1_Position_2_HP_9007",
      "Fan_loc 1_Position_2_HP_7023",
      "Fan_loc 1_Position_1_HP_3014"
    ]
  },
  {
    "task_id": "adapt_Human_Brian_0",
    "subject": "Human",
    "user": "Brian",
    "support": [
      "Human_Brian_Running_HP_565016",
      "Human_Brian_Speed_Walking_HP_80001",
      "Human_Brian_Sneaking_HP_70000",
      "Human_Brian_Sneaking_With_Metronome_HP_78012",
      "Human_Brian_Sneaking_HP_575015"
    ],
    "query": [
      "Human_Brian_Sneaking_HP_570020",
      "Human_Brian_Running_HP_63022",
      "Human_Brian_Sneaking_HP_69035",
      "Human_Brian_Intrusion_HP_562033",
      "Human_Brian_Walking_HP_578002",
      "Human_Brian_Walking_HP_578022",
      "Human_Brian_Sneaking_HP_69008",
      "Human_Brian_Running_HP_566006",
      "Human_Brian_Walking_HP_86003",
      "Human_Brian_Walking_HP_85033",
      "Human_Brian_Walking_HP_87034",
      "Human_Brian_Speed_Walking_HP_79004",
      "Human_Brian_Sneaking_HP_67002",
      "Human_Brian_Walking_HP_579007",
      "Human_Brian_Intrusion_HP_563021"
    ]
  },
  {
    "task_id": "adapt_Human_Brian_1",
    "subject": "Human",
    "user": "Brian",
    "support": [
      "Human_Brian_Running_HP_61020",
      "Human_Brian_Walking_HP_581003",
      "Human_Brian_Running_HP_569005",
      "Human_Brian_Speed_Walking_HP_80008",
      "Human_Brian_Sneaking_HP_70042"
    ],
    "query": [
      "Human_Brian_Walking_HP_88051",
      "Human_Brian_Sneaking_HP_574000",
      "Human_Brian_Sneaking_HP_572019",
      "Human_Brian_Running_HP_62032",
      "Human_Brian_Running_HP_64025",
      "Human_Brian_Running_HP_564021",
      "Human_Brian_Sneaking_HP_571010",
      "Human_Brian_Sneaking_HP_68054",
      "Human_Brian_Sneaking_With_Metronome_HP_78008",
      "Human_Brian_Speed_Walking_HP_79017",
      "Human_Brian_Sneaking_HP_72028",
      "Human_Brian_Intrusion_HP_561002",
      "Human_Brian_Sneaking_HP_67020",
      "Human_Brian_Sneaking_HP_69035",
      "Human_Brian_Sneaking_With_Metronome_HP_77009"
    ]
  },
  {
    "task_id": "adapt_Human_Brian_2",
    "subject": "Human",
    "user": "Brian",
    "support": [
      "Human_Brian_Sneaking_With_Metronome_HP_77030",
      "Human_Brian_Sneaking_HP_572008",
      "Human_Brian_Sneaking_With_Metronome_HP_74011",
      "Human_Brian_Sneaking_HP_70041",
      "Human_Brian_Sneaking_With_Metronome_HP_76041"
    ],
    "query": [
      "Human_Brian_Sneaking_With_Metronome_HP_75048",
      "Human_Brian_Sneaking_With_Metronome_HP_77047",
      "Human_Brian_Speed_Walking_HP_80005",
      "Human_Brian_Speed_Walking_HP_84022",
      "Human_Brian_Sneaking_With_Metronome_HP_76035",
      "Human_Brian_Sneaking_HP_70013",
      "Human_Brian_Speed_Walking_HP_81003",
      "Human_Brian_Sneaking_HP_71024",
      "Human_Brian_Sneaking_HP_69050",
      "Human_Brian_Walking_HP_87058",
      "Human_Brian_Running_HP_61031",
      "Human_Brian_Speed_Walking_HP_80008",
      "Human_Brian_Running_HP_568023",
      "Human_Brian_Sneaking_HP_72058",
      "Human_Brian_Sneaking_HP_574021"
    ]
  },
  {
    "task_id": "adapt_Human_Brian_3",
    "subject": "Human",
    "user": "Brian",
    "support": [
      "Human_Brian_Speed_Walking_HP_82003",
      "Human_Brian_Running_HP_567022",
      "Human_Brian_Speed_Walking_HP_79008",
      "Human_Brian_Running_HP_66012",
      "Human_Brian_Speed_Walking_HP_80008"
    ],
    "query": [
      "Human_Brian_Running_HP_66027",
      "Human_Brian_Running_HP_66029",
      "Human_Brian_Walking_HP_577007",
      "Human_Brian_Sneaking_HP_72011",
      "Human_Brian_Sneaking_With_Metronome_HP_77057",
      "Human_Brian_Walking_HP_89000",
      "Human_Brian_Walking_HP_581013",
      "Human_Brian_Walking_HP_90040",
      "Human_Brian_Walking_HP_578007",
      "Human_Brian_Sneaking_HP_575023",
      "Human_Brian_Running_HP_65004",
      "Human_Brian_Sneaking_HP_570022",
      "Human_Brian_Walking_HP_89009",
      "Human_Brian_Running_HP_61029",
      "Human_Brian_Speed_Walking_HP_79003"
    ]
  },
  {
    "task_id": "adapt_Human_Brian_4",
    "subject": "Human",
    "user": "Brian",
    "support": [
      "Human_Brian_Running_HP_63027",
      "Human_Brian_Speed_Walking_HP_83022",
      "Human_Brian_Sneaking_With_Metronome_HP_78005",
      "Human_Brian_Speed_Walking_HP_84032",
      "Human_Brian_Running_HP_65033"
    ],
    "query": [
      "Human_Brian_Intrusion_HP_560014",
      "Human_Brian_Walking_HP_90001",
      "Human_Brian_Speed_Walking_HP_84024",
      "Human_Brian_Walking_HP_89051",
      "Human_Brian_Sneaking_With_Metronome_HP_77041",
      "Human_Brian_Walking_HP_580015",
      "Human_Brian_Intrusion_HP_562018",
      "Human_Brian_Walking_HP_579012",
      "Human_Brian_Sneaking_HP_67049",
      "Human_Brian_Intrusion_HP_558018",
      "Human_Brian_Intrusion_HP_559000",
      "Human_Brian_Speed_Walking_HP_79021",
      "Human_Brian_Sneaking_HP_69027",
      "Human_Brian_Speed_Walking_HP_83020",
      "Human_Brian_Running_HP_566006"
    ]
  },
  {
    "task_id": "adapt_IRobot_loc 1_0",
    "subject": "IRobot",
    "user": "loc 1",
    "support": [
      "IRobot_loc 1_test_1_HP_368009",
      "IRobot_loc 1_test_1_HP_356033",
      "IRobot_loc 1_test_1_HP_376056",
      "IRobot_loc 1_test_1_HP_367029",
      "IRobot_loc 1_test_1_HP_366016"
    ],
    "query": [
      "IRobot_loc 1_test_1_HP_358056",
      "IRobot_loc 1_test_1_HP_365025",
      "IRobot_loc 1_test_2_HP_378019",
      "IRobot_loc 1_test_1_HP_363032",
      "IRobot_loc 1_test_1_HP_360020",
      "IRobot_loc 1_test_1_HP_358051",
      "IRobot_loc 1_test_1_HP_373001",
      "IRobot_loc 1_test_1_HP_355029",
      "IRobot_loc 1_test_2_HP_385031",
      "IRobot_loc 1_test_3_HP_401001",
      "IRobot_loc 1_test_2_HP_394007",
      "IRobot_loc 1_test_2_HP_388046",
      "IRobot_loc 1_test_1_HP_358007",
      "IRobot_loc 1_test_1_HP_367009",
      "IRobot_loc 1_test_1_HP_355032"
    ]
  },
  {
    "task_id": "adapt_IRobot_loc 1_1",
    "subject": "IRobot",
    "user": "loc 1",
    "support": [
      "IRobot_loc 1_test_2_HP_391044",
      "IRobot_loc 1_test_2_HP_394005",
      "IRobot_loc 1_test_3_HP_399009",
      "IRobot_loc 1_test_2_HP_390026",
      "IRobot_loc 1_test_1_HP_364008"
    ],
    "query": [
      "IRobot_loc 1_test_2_HP_379014",
      "IRobot_loc 1_test_2_HP_378054",
      "IRobot_loc 1_test_2_HP_386016",
      "IRobot_loc 1_test_1_HP_366022",
      "IRobot_loc 1_test_1_HP_373034",
      "IRobot_loc 1_test_1_HP_364030",
      "IRobot_loc 1_test_1_HP_375023",
      "IRobot_loc 1_test_1_HP_368027",
      "IRobot_loc 1_test_1_HP_363001",
      "IRobot_loc 1_test_2_HP_382024",
      "IRobot_loc 1_test_1_HP_354050",
      "IRobot_loc 1_test_2_HP_394050",
      "IRobot_loc 1_test_1_HP_359025",
      "IRobot_loc 1_test_1_HP_354016",
      "IRobot_loc 1_test_1_HP_361051"
    ]
  },
  {
    "task_id": "adapt_IRobot_loc 1_2",
    "subject": "IRobot",
    "user": "loc 1",
    "support": [
      "IRobot_loc 1_test_2_HP_393025",
      "IRobot_loc 1_test_2_HP_393044",
      "IRobot_loc 1_test_1_HP_355002",
      "IRobot_loc 1_test_1_HP_360029",
      "IRobot_loc 1_test_1_HP_362022"
    ],
    "query": [
      "IRobot_loc 1_test_1_HP_370045",
      "IRobot_loc 1_test_1_HP_354013",
      "IRobot_loc 1_test_1_HP_355011",
      "IRobot_loc 1_test_2_HP_385034",
      "IRobot_loc 1_test_1_HP_367051",
      "IRobot_loc 1_test_1_HP_355030",
      "IRobot_loc 1_test_3_HP_400000",
      "IRobot_loc 1_test_2_HP_384027",
      "IRobot_loc 1_test_2_HP_388045",
      "IRobot_loc 1_test_2_HP_380043",
      "IRobot_loc 1_test_1_HP_377056",
      "IRobot_loc 1_test_2_HP_394001",
      "IRobot_loc 1_test_2_HP_392049",
      "IRobot_loc 1_test_1_HP_365046",
      "IRobot_loc 1_test_1_HP_356010"
    ]
  },
  {
    "task_id": "adapt_IRobot_loc 1_3",
    "subject": "IRobot",
    "user": "loc 1",
    "support": [
      "IRobot_loc 1_test_1_HP_374043",
      "IRobot_loc 1_test_1_HP_364054",
      "IRobot_loc 1_test_2_HP_393053",
      "IRobot_loc 1_test_2_HP_395010",
      "IRobot_loc 1_test_2_HP_379009"
    ],
    "query": [
      "IRobot_loc 1_test_3_HP_399020",
      "IRobot_loc 1_test_2_HP_393020",
      "IRobot_loc 1_test_2_HP_392016",
      "IRobot_loc 1_test_2_HP_390033",
      "IRobot_loc 1_test_2_HP_389038",
      "IRobot_loc 1_test_2_HP_389022",
      "IRobot_loc 1_test_2_HP_387016",
      "IRobot_loc 1_test_1_HP_354048",
      "IRobot_loc 1_test_3_HP_399049",
      "IRobot_loc 1_test_1_HP_369053",
      "IRobot_loc 1_test_1_HP_355054",
      "IRobot_loc 1_test_1_HP_365054",
      "IRobot_loc 1_test_2_HP_382030",
      "IRobot_loc 1_test_1_HP_372052",
      "IRobot_loc 1_test_1_HP_359033"
    ]
  },
  {
    "task_id": "adapt_IRobot_loc 1_4",
    "subject": "IRobot",
    "user": "loc 1",
    "support": [
      "IRobot_loc 1_test_2_HP_384054",
      "IRobot_loc 1_test_1_HP_366044",
      "IRobot_loc 1_test_2_HP_383026",
      "IRobot_loc 1_test_1_HP_358006",
      "IRobot_loc 1_test_1_HP_368023"
    ],
    "query": [
      "IRobot_loc 1_test_2_HP_385026",
      "IRobot_loc 1_test_2_HP_390006",
      "IRobot_loc 1_test_2_HP_394052",
      "IRobot_loc 1_test_2_HP_388058",
      "IRobot_loc 1_test_1_HP_370031",
      "IRobot_loc 1_test_2_HP_389013",
      "IRobot_loc 1_test_1_HP_369012",
      "IRobot_loc 1_test_1_HP_367026",
      "IRobot_loc 1_test_2_HP_380032",
      "IRobot_loc 1_test_2_HP_386027",
      "IRobot_loc 1_test_1_HP_358025",
      "IRobot_loc 1_test_3_HP_397051",
      "IRobot_loc 1_test_1_HP_364035",
      "IRobot_loc 1_test_2_HP_383014",
      "IRobot_loc 1_test_1_HP_355021"
    ]
  },
  {
    "task_id": "adapt_Pet_4_3_2023_0",
    "subject": "Pet",
    "user": "4_3_2023",
    "support": [
      "Pet_4_3_2023_Cada_Test_1_HP_1251048",
      "Pet_4_3_2023_Cada_Test_4_HP_1267042",
      "Pet_4_3_2023_Cada_Test_3_HP_1258045",
      "Pet_4_3_2023_Cada_Test_3_HP_1262004",
      "Pet_4_3_2023_Cada_Test_2_HP_1253057"
    ],
    "query": [
      "Pet_4_3_2023_Cada_Test_3_HP_1260027",
      "Pet_4_3_2023_Cada_Test_4_HP_1268028",
      "Pet_4_3_2023_Cada_Test_3_HP_1261024",
      "Pet_4_3_2023_Cada_Test_1_HP_1250024",
      "Pet_4_3_2023_Cada_Test_3_HP_1260031",
      "Pet_4_3_2023_Cada_Test_1_HP_1249023",
      "Pet_4_3_2023_Cada_Test_1_HP_1250015",
      "Pet_4_3_2023_Cada_Test_3_HP_1258029",
      "Pet_4_3_2023_Cada_Test_1_HP_1247052",
      "Pet_4_3_2023_Cada_Test_3_HP_1260025",
      "Pet_4_3_2023_Cada_Test_3_HP_1259037",
      "Pet_4_3_2023_Cada_Test_3_HP_1259027",
      "Pet_4_3_2023_Cada_Test_3_HP_1258059",
      "Pet_4_3_2023_Cada_Test_4_HP_1266057",
      "Pet_4_3_2023_Cada_Test_2_HP_1255049"
    ]
  },
  {
    "task_id": "adapt_Pet_4_3_2023_1",
    "subject": "Pet",
    "user": "4_3_2023",
    "support": [
      "Pet_4_3_2023_Cada_Test_3_HP_1261047",
      "Pet_4_3_2023_Cada_Test_3_HP_1258011",
      "Pet_4_3_2023_Cada_Test_3_HP_1260028",
      "Pet_4_3_2023_Cada_Test_2_HP_1255034",
      "Pet_4_3_2023_Cada_Test_2_HP_1252024"
    ],
    "query": [
      "Pet_4_3_2023_Cada_Test_1_HP_1250057",
      "Pet_4_3_2023_Cada_Test_1_HP_1247033",
      "Pet_4_3_2023_Cada_Test_1_HP_1246019",
      "Pet_4_3_2023_Cada_Test_3_HP_1261018",
      "Pet_4_3_2023_Cada_Test_2_HP_1254037",
      "Pet_4_3_2023_Cada_Test_2_HP_1256051",
      "Pet_4_3_2023_Cada_Test_4_HP_1265000",
      "Pet_4_3_2023_Cada_Test_2_HP_1252037",
      "Pet_4_3_2023_Cada_Test_4_HP_1264048",
      "Pet_4_3_2023_Cada_Test_3_HP_1263000",
      "Pet_4_3_2023_Cada_Test_1_HP_1251027",
      "Pet_4_3_2023_Cada_Test_2_HP_1252031",
      "Pet_4_3_2023_Cada_Test_4_HP_1266052",
      "Pet_4_3_2023_Cada_Test_4_HP_1264037",
      "Pet_4_3_2023_Cada_Test_2_HP_1256028"
    ]
  },
  {
    "task_id": "adapt_Pet_4_3_2023_2",
    "subject": "Pet",
    "user": "4_3_2023",
    "support": [
      "Pet_4_3_2023_Cada_Test_4_HP_1264026",
      "Pet_4_3_2023_Cada_Test_1_HP_1248000",
      "Pet_4_3_2023_Cada_Test_4_HP_1265015",
      "Pet_4_3_2023_Cada_Test_1_HP_1248022",
      "Pet_4_3_2023_Cada_Test_3_HP_1258035"
    ],
    "query": [
      "Pet_4_3_2023_Cada_Test_4_HP_1268017",
      "Pet_4_3_2023_Cada_Test_2_HP_1256014",
      "Pet_4_3_2023_Cada_Test_1_HP_1247014",
      "Pet_4_3_2023_Cada_Test_3_HP_1263057",
      "Pet_4_3_2023_Cada_Test_1_HP_1251010",
      "Pet_4_3_2023_Cada_Test_4_HP_1266011",
      "Pet_4_3_2023_Cada_Test_3_HP_1260025",
      "Pet_4_3_2023_Cada_Test_4_HP_1269018",
      "Pet_4_3_2023_Cada_Test_4_HP_1267001",
      "Pet_4_3_2023_Cada_Test_3_HP_1261036",
      "Pet_4_3_2023_Cada_Test_2_HP_1257044",
      "Pet_4_3_2023_Cada_Test_2_HP_1252022",
      "Pet_4_3_2023_Cada_Test_2_HP_1257020",
      "Pet_4_3_2023_Cada_Test_3_HP_1259049",
      "Pet_4_3_2023_Cada_Test_2_HP_1254039"
    ]
  },
  {
    "task_id": "adapt_Pet_4_3_2023_3",
    "subject": "Pet",
    "user": "4_3_2023",
    "support": [
      "Pet_4_3_2023_Cada_Test_1_HP_1250055",
      "Pet_4_3_2023_Cada_Test_1_HP_1250022",
      "Pet_4_3_2023_Cada_Test_1_HP_1249002",
      "Pet_4_3_2023_Cada_Test_3_HP_1261029",
      "Pet_4_3_2023_Cada_Test_2_HP_1253052"
    ],
    "query": [
      "Pet_4_3_2023_Cada_Test_2_HP_1253021",
      "Pet_4_3_2023_Cada_Test_1_HP_1249033",
      "Pet_4_3_2023_Cada_Test_2_HP_1257049",
      "Pet_4_3_2023_Cada_Test_2_HP_1257054",
      "Pet_4_3_2023_Cada_Test_1_HP_1248009",
      "Pet_4_3_2023_Cada_Test_3_HP_1260047",
      "Pet_4_3_2023_Cada_Test_1_HP_1249000",
      "Pet_4_3_2023_Cada_Test_1_HP_1247047",
      "Pet_4_3_2023_Cada_Test_3_HP_1260009",
      "Pet_4_3_2023_Cada_Test_4_HP_1267002",
      "Pet_4_3_2023_Cada_Test_3_HP_1263012",
      "Pet_4_3_2023_Cada_Test_3_HP_1259000",
      "Pet_4_3_2023_Cada_Test_4_HP_1267030",
      "Pet_4_3_2023_Cada_Test_3_HP_1262008",
      "Pet_4_3_2023_Cada_Test_2_HP_1254054"
    ]
  },
  {
    "task_id": "adapt_Pet_4_3_2023_4",
    "subject": "Pet",
    "user": "4_3_2023",
    "support": [
      "Pet_4_3_2023_Cada_Test_3_HP_1260036",
      "Pet_4_3_2023_Cada_Test_3_HP_1261005",
      "Pet_4_3_2023_Cada_Test_2_HP_1254021",
      "Pet_4_3_2023_Cada_Test_3_HP_1260056",
      "Pet_4_3_2023_Cada_Test_1_HP_1246044"
    ],
    "query": [
      "Pet_4_3_2023_Cada_Test_1_HP_1247050",
      "Pet_4_3_2023_Cada_Test_3_HP_1263056",
      "Pet_4_3_2023_Cada_Test_2_HP_1256038",
      "Pet_4_3_2023_Cada_Test_3_HP_1259038",
      "Pet_4_3_2023_Cada_Test_1_HP_1249026",
      "Pet_4_3_2023_Cada_Test_4_HP_1267034",
      "Pet_4_3_2023_Cada_Test_1_HP_1250014",
      "Pet_4_3_2023_Cada_Test_1_HP_1249005",
      "Pet_4_3_2023_Cada_Test_3_HP_1259054",
      "Pet_4_3_2023_Cada_Test_1_HP_1251055",
      "Pet_4_3_2023_Cada_Test_2_HP_1253040",
      "Pet_4_3_2023_Cada_Test_4_HP_1266046",
      "Pet_4_3_2023_Cada_Test_1_HP_1250017",
      "Pet_4_3_2023_Cada_Test_1_HP_1247014",
      "Pet_4_3_2023_Cada_Test_1_HP_1251019"
    ]
  }
]