[
  {
    "task_id": "task_Fan_0",
    "subject": "Fan",
    "user": "4_13_2023",
    "support": [
      "Fan_4_13_2023_Test_1_HP_713034",
      "Fan_4_13_2023_Test_1_HP_711012",
      "Fan_4_13_2023_Test_1_HP_709045",
      "Fan_4_13_2023_Test_1_HP_709042",
      "Fan_4_13_2023_Test_1_HP_713020"
    ],
    "query": [
      "Fan_4_13_2023_Test_1_HP_708015",
      "Fan_4_13_2023_Test_1_HP_708053",
      "Fan_4_13_2023_Test_1_HP_713038",
      "Fan_4_13_2023_Test_1_HP_713045",
      "Fan_4_13_2023_Test_1_HP_709053",
      "Fan_4_13_2023_Test_1_HP_711003",
      "Fan_4_13_2023_Test_1_HP_712020",
      "Fan_4_13_2023_Test_1_HP_709017",
      "Fan_4_13_2023_Test_1_HP_712029",
      "Fan_4_13_2023_Test_1_HP_713021",
      "Fan_4_13_2023_Test_1_HP_708059",
      "Fan_4_13_2023_Test_1_HP_708058",
      "Fan_4_13_2023_Test_1_HP_712051",
      "Fan_4_13_2023_Test_1_HP_712043",
      "Fan_4_13_2023_Test_1_HP_710046"
    ]
  },
  {
    "task_id": "task_Human_1",
    "subject": "Human",
    "user": "BrianK.andAndrew Two",
    "support": [
      "Human_BrianK.andAndrew Two_Walking_HP_665014",
      "Human_BrianK.andAndrew Two_Sneaking_HP_656012",
      "Human_BrianK.andAndrew Two_Sneaking_HP_656005",
      "Human_BrianK.andAndrew Two_Running_HP_648003",
      "Human_BrianK.andAndrew Two_Walking_HP_662001"
    ],
    "query": [
      "Human_BrianK.andAndrew Two_Intrusion_HP_644020",
      "Human_BrianK.andAndrew Two_Intrusion_HP_647028",
      "Human_BrianK.andAndrew Two_Running_HP_651022",
      "Human_BrianK.andAndrew Two_Intrusion_HP_647017",
      "Human_BrianK.andAndrew Two_Running_HP_650013",
      "Human_BrianK.andAndrew Two_Intrusion_HP_644025",
      "Human_BrianK.andAndrew Two_Intrusion_HP_644011",
      "Human_BrianK.andAndrew Two_Intrusion_HP_642025",
      "Human_BrianK.andAndrew Two_Walking_HP_664004",
      "Human_BrianK.andAndrew Two_Intrusion_HP_645023",
      "Human_BrianK.andAndrew Two_Walking_HP_661000",
      "Human_BrianK.andAndrew Two_Sneaking_HP_656019",
      "Human_BrianK.andAndrew Two_Running_HP_648017",
      "Human_BrianK.andAndrew Two_Running_HP_652001",
      "Human_BrianK.andAndrew Two_Walking_HP_661020"
    ]
  },
  {
    "task_id": "task_IRobot_2",
    "subject": "IRobot",
    "user": "4_13_2023",
    "support": [
      "IRobot_4_13_2023_Test_1_HP_818017",
      "IRobot_4_13_2023_Test_1_HP_820014",
      "IRobot_4_13_2023_Test_1_HP_772010",
      "IRobot_4_13_2023_Test_2_HP_841047",
      "IRobot_4_13_2023_Test_2_HP_840032"
    ],
    "query": [
      "IRobot_4_13_2023_Test_2_HP_839001",
      "IRobot_4_13_2023_Test_1_HP_769012",
      "IRobot_4_13_2023_Test_2_HP_836017",
      "IRobot_4_13_2023_Test_1_HP_823002",
      "IRobot_4_13_2023_Test_1_HP_802013",
      "IRobot_4_13_2023_Test_2_HP_838004",
      "IRobot_4_13_2023_Test_1_HP_800002",
      "IRobot_4_13_2023_Test_1_HP_779008",
      "IRobot_4_13_2023_Test_2_HP_837023",
      "IRobot_4_13_2023_Test_1_HP_829012",
      "IRobot_4_13_2023_Test_1_HP_792008",
      "IRobot_4_13_2023_Test_1_HP_814012",
      "IRobot_4_13_2023_Test_1_HP_823008",
      "IRobot_4_13_2023_Test_1_HP_779014",
      "IRobot_4_13_2023_Test_1_HP_822015"
    ]
  },
  {
    "task_id": "task_Pet_3",
    "subject": "Pet",
    "user": "tito",
    "support": [
      "Pet_tito_test1_HP_1561014",
      "Pet_tito_test4_HP_1576019",
      "Pet_tito_test3_HP_1572018",
      "Pet_tito_test2_HP_1564018",
      "Pet_tito_test3_HP_1572023"
    ],
    "query": [
      "Pet_tito_test5_HP_1584016",
      "Pet_tito_test7_HP_1595007",
      "Pet_tito_test1_HP_1562014",
      "Pet_tito_test5_HP_1582019",
      "Pet_tito_test6_HP_1591019",
      "Pet_tito_test5_HP_1586000",
      "Pet_tito_test5_HP_1582020",
      "Pet_tito_test5_HP_1587020",
      "Pet_tito_test2_HP_1569013",
      "Pet_tito_test3_HP_1571008",
      "Pet_tito_test1_HP_1561012",
      "Pet_tito_test6_HP_1592000",
      "Pet_tito_test5_HP_1584014",
      "Pet_tito_test5_HP_1586018",
      "Pet_tito_test7_HP_1594020"
    ]
  },
  {
    "task_id": "task_Fan_4",
    "subject": "Fan",
    "user": "loc1",
    "support": [
      "Fan_loc1_Fan_HP_1616002",
      "Fan_loc1_Fan_HP_1608007",
      "Fan_loc1_Fan_HP_1616008",
      "Fan_loc1_Fan_HP_1619000",
      "Fan_loc1_Fan_HP_1609000"
    ],
    "query": [
      "Fan_loc1_Fan_HP_1630010",
      "Fan_loc1_Fan_HP_1631002",
      "Fan_loc1_Fan_HP_1614012",
      "Fan_loc1_Fan_HP_1601000",
      "Fan_loc1_Fan_HP_1619004",
      "Fan_loc1_Fan_HP_1620006",
      "Fan_loc1_Fan_HP_1615007",
      "Fan_loc1_Fan_HP_1608008",
      "Fan_loc1_Fan_HP_1632002",
      "Fan_loc1_Fan_HP_1605007",
      "Fan_loc1_Fan_HP_1624013",
      "Fan_loc1_Fan_HP_1617005",
      "Fan_loc1_Fan_HP_1633011",
      "Fan_loc1_Fan_HP_1622006",
      "Fan_loc1_Fan_HP_1606002"
    ]
  },
  {
    "task_id": "task_Human_5",
    "subject": "Human",
    "user": "Jesse",
    "support": [
      "Human_Jesse_Walking_HP_1436016",
      "Human_Jesse_Sneaking_HP_1427009",
      "Human_Jesse_Sneaking_HP_1431022",
      "Human_Jesse_Combined_HP_1415006",
      "Human_Jesse_Sneaking_HP_1430022"
    ],
    "query": [
      "Human_Jesse_Combined_HP_1415005",
      "Human_Jesse_Combined_HP_1415014",
      "Human_Jesse_Sneaking_HP_1431007",
      "Human_Jesse_Walking_HP_1437020",
      "Human_Jesse_Combined_HP_1415035",
      "Human_Jesse_Sneaking_HP_1426006",
      "Human_Jesse_Sneaking_HP_1429013",
      "Human_Jesse_Combined_HP_1414031",
      "Human_Jesse_Combined_HP_1414007",
      "Human_Jesse_Combined_HP_1416014",
      "Human_Jesse_Jogging_HP_1425006",
      "Human_Jesse_Walking_HP_1435007",
      "Human_Jesse_Jogging_HP_1422008",
      "Human_Jesse_Jogging_HP_1421003",
      "Human_Jesse_Sneaking_HP_1429001"
    ]
  },
  {
    "task_id": "task_IRobot_6",
    "subject": "IRobot",
    "user": "4_13_2023",
    "support": [
      "IRobot_4_13_2023_Test_2_HP_837035",
      "IRobot_4_13_2023_Test_1_HP_773004",
      "IRobot_4_13_2023_Test_2_HP_837015",
      "IRobot_4_13_2023_Test_1_HP_818007",
      "IRobot_4_13_2023_Test_2_HP_840037"
    ],
    "query": [
      "IRobot_4_13_2023_Test_1_HP_774006",
      "IRobot_4_13_2023_Test_2_HP_840054",
      "IRobot_4_13_2023_Test_1_HP_795010",
      "IRobot_4_13_2023_Test_1_HP_807007",
      "IRobot_4_13_2023_Test_2_HP_838026",
      "IRobot_4_13_2023_Test_1_HP_779004",
      "IRobot_4_13_2023_Test_1_HP_776012",
      "IRobot_4_13_2023_Test_1_HP_800011",
      "IRobot_4_13_2023_Test_1_HP_796001",
      "IRobot_4_13_2023_Test_1_HP_777005",
      "IRobot_4_13_2023_Test_1_HP_787010",
      "IRobot_4_13_2023_Test_1_HP_823013",
      "IRobot_4_13_2023_Test_2_HP_837005",
      "IRobot_4_13_2023_Test_1_HP_776008",
      "IRobot_4_13_2023_Test_1_HP_823004"
    ]
  },
  {
    "task_id": "task_Pet_7",
    "subject": "Pet",
    "user": "tito",
    "support": [
      "Pet_tito_test2_HP_1564019",
      "Pet_tito_test3_HP_1573007",
      "Pet_tito_test5_HP_1585017",
      "Pet_tito_test7_HP_1598014",
      "Pet_tito_test7_HP_1598020"
    ],
    "query": [
      "Pet_tito_test4_HP_1581009",
      "Pet_tito_test7_HP_1595020",
      "Pet_tito_test7_HP_1599001",
      "Pet_tito_test3_HP_1572020",
      "Pet_tito_test1_HP_1559019",
      "Pet_tito_test5_HP_1586006",
      "Pet_tito_test5_HP_1583001",
      "Pet_tito_test5_HP_1584021",
      "Pet_tito_test5_HP_1585008",
      "Pet_tito_test1_HP_1562004",
      "Pet_tito_test3_HP_1574005",
      "Pet_tito_test3_HP_1573009",
      "Pet_tito_test4_HP_1576019",
      "Pet_tito_test5_HP_1585024",
      "Pet_tito_test2_HP_1569021"
    ]
  },
  {
    "task_id": "task_Fan_8",
    "subject": "Fan",
    "user": "4_13_2023",
    "support": [
      "Fan_4_13_2023_Test_1_HP_709032",
      "Fan_4_13_2023_Test_1_HP_708050",
      "Fan_4_13_2023_Test_1_HP_709023",
      "Fan_4_13_2023_Test_1_HP_708048",
      "Fan_4_13_2023_Test_1_HP_711000"
    ],
    "query": [
      "Fan_4_13_2023_Test_1_HP_713058",
      "Fan_4_13_2023_Test_1_HP_711035",
      "Fan_4_13_2023_Test_1_HP_708032",
      "Fan_4_13_2023_Test_1_HP_712037",
      "Fan_4_13_2023_Test_1_HP_711048",
      "Fan_4_13_2023_Test_1_HP_713037",
      "Fan_4_13_2023_Test_1_HP_713002",
      "Fan_4_13_2023_Test_1_HP_708045",
      "Fan_4_13_2023_Test_1_HP_709043",
      "Fan_4_13_2023_Test_1_HP_713011",
      "Fan_4_13_2023_Test_1_HP_709042",
      "Fan_4_13_2023_Test_1_HP_711020",
      "Fan_4_13_2023_Test_1_HP_713046",
      "Fan_4_13_2023_Test_1_HP_710052",
      "Fan_4_13_2023_Test_1_HP_711014"
    ]
  },
  {
    "task_id": "task_Human_9",
    "subject": "Human",
    "user": "BrianK.andAndrew Two",
    "support": [
      "Human_BrianK.andAndrew Two_Sneaking_HP_659012",
      "Human_BrianK.andAndrew Two_Running_HP_649000",
      "Human_BrianK.andAndrew Two_Sneaking_HP_655002",
      "Human_BrianK.andAndrew Two_Walking_HP_660006",
      "Human_BrianK.andAndrew Two_Sneaking_HP_656008"
    ],
    "query": [
      "Human_BrianK.andAndrew Two_Running_HP_653022",
      "Human_BrianK.andAndrew Two_Running_HP_652022",
      "Human_BrianK.andAndrew Two_Running_HP_650010",
      "Human_BrianK.andAndrew Two_Intrusion_HP_644007",
      "Human_BrianK.andAndrew Two_Running_HP_650001",
      "Human_BrianK.andAndrew Two_Intrusion_HP_645025",
      "Human_BrianK.andAndrew Two_Intrusion_HP_646032",
      "Human_BrianK.andAndrew Two_Sneaking_HP_659010",
      "Human_BrianK.andAndrew Two_Walking_HP_660002",
      "Human_BrianK.andAndrew Two_Running_HP_650023",
      "Human_BrianK.andAndrew Two_Running_HP_652002",
      "Human_BrianK.andAndrew Two_Sneaking_HP_655008",
      "Human_BrianK.andAndrew Two_Running_HP_651007",
      "Human_BrianK.andAndrew Two_Intrusion_HP_642033",
      "Human_BrianK.andAndrew Two_Walking_HP_665016"
    ]
  },
  {
    "task_id": "task_IRobot_10",
    "subject": "IRobot",
    "user": "Bedroom",
    "support": [
      "IRobot_Bedroom_Test1_HP_1791024",
      "IRobot_Bedroom_Test1_HP_1793021",
      "IRobot_Bedroom_Test1_HP_1799054",
      "IRobot_Bedroom_Test1_HP_1789041",
      "IRobot_Bedroom_Test1_HP_1781014"
    ],
    "query": [
      "IRobot_Bedroom_Test1_HP_1782021",
      "IRobot_Bedroom_Test1_HP_1806097",
      "IRobot_Bedroom_Test1_HP_1800017",
      "IRobot_Bedroom_Test1_HP_1799075",
      "IRobot_Bedroom_Test1_HP_1788001",
      "IRobot_Bedroom_Test1_HP_1806092",
      "IRobot_Bedroom_Test1_HP_1797051",
      "IRobot_Bedroom_Test1_HP_1780045",
      "IRobot_Bedroom_Test1_HP_1808022",
      "IRobot_Bedroom_Test1_HP_1789088",
      "IRobot_Bedroom_Test1_HP_1786096",
      "IRobot_Bedroom_Test1_HP_1797078",
      "IRobot_Bedroom_Test1_HP_1795064",
      "IRobot_Bedroom_Test1_HP_1793094",
      "IRobot_Bedroom_Test1_HP_1798052"
    ]
  },
  {
    "task_id": "task_Pet_11",
    "subject": "Pet",
    "user": "loc1",
    "support": [
      "Pet_loc1_Pet_HP_1713006",
      "Pet_loc1_Pet_HP_1697010",
      "Pet_loc1_Pet_HP_1702008",
      "Pet_loc1_Pet_HP_1751006",
      "Pet_loc1_Pet_HP_1711001"
    ],
    "query": [
      "Pet_loc1_Pet_HP_1722000",
      "Pet_loc1_Pet_HP_1726003",
      "Pet_loc1_Pet_HP_1666006",
      "Pet_loc1_Pet_HP_1644011",
      "Pet_loc1_Pet_HP_1682007",
      "Pet_loc1_Pet_HP_1726001",
      "Pet_loc1_Pet_HP_1664012",
      "Pet_loc1_Pet_HP_1731004",
      "Pet_loc1_Pet_HP_1740003",
      "Pet_loc1_Pet_HP_1704009",
      "Pet_loc1_Pet_HP_1694010",
      "Pet_loc1_Pet_HP_1640009",
      "Pet_loc1_Pet_HP_1688002",
      "Pet_loc1_Pet_HP_1722007",
      "Pet_loc1_Pet_HP_1747000"
    ]
  },
  {
    "task_id": "task_Fan_12",
    "subject": "Fan",
    "user": "loc1",
    "support": [
      "Fan_loc1_Fan_HP_1618000",
      "Fan_loc1_Fan_HP_1603012",
      "Fan_loc1_Fan_HP_1615007",
      "Fan_loc1_Fan_HP_1601009",
      "Fan_loc1_Fan_HP_1610004"
    ],
    "query": [
      "Fan_loc1_Fan_HP_1609010",
      "Fan_loc1_Fan_HP_1628008",
      "Fan_loc1_Fan_HP_1624012",
      "Fan_loc1_Fan_HP_1617000",
      "Fan_loc1_Fan_HP_1618003",
      "Fan_loc1_Fan_HP_1622010",
      "Fan_loc1_Fan_HP_1629002",
      "Fan_loc1_Fan_HP_1612008",
      "Fan_loc1_Fan_HP_1616006",
      "Fan_loc1_Fan_HP_1621000",
      "Fan_loc1_Fan_HP_1632009",
      "Fan_loc1_Fan_HP_1625002",
      "Fan_loc1_Fan_HP_1631010",
      "Fan_loc1_Fan_HP_1621009",
      "Fan_loc1_Fan_HP_1613005"
    ]
  },
  {
    "task_id": "task_Human_13",
    "subject": "Human",
    "user": "Jesse",
    "support": [
      "Human_Jesse_Sneaking_HP_1430007",
      "Human_Jesse_Walking_HP_1435019",
      "Human_Jesse_Combined_HP_1414017",
      "Human_Jesse_Walking_HP_1433006",
      "Human_Jesse_Jogging_HP_1424022"
    ],
    "query": [
      "Human_Jesse_Sneaking_HP_1426009",
      "Human_Jesse_Jogging_HP_1422003",
      "Human_Jesse_Combined_HP_1414008",
      "Human_Jesse_Jogging_HP_1425015",
      "Human_Jesse_Jogging_HP_1424007",
      "Human_Jesse_Walking_HP_1432005",
      "Human_Jesse_Combined_HP_1416016",
      "Human_Jesse_Jogging_HP_1420016",
      "Human_Jesse_Walking_HP_1434008",
      "Human_Jesse_Sneaking_HP_1429009",
      "Human_Jesse_Walking_HP_1433004",
      "Human_Jesse_Jogging_HP_1422001",
      "Human_Jesse_Jogging_HP_1424006",
      "Human_Jesse_Jogging_HP_1421001",
      "Human_Jesse_Combined_HP_1415031"
    ]
  },
  {
    "task_id": "task_IRobot_14",
    "subject": "IRobot",
    "user": "Bedroom",
    "support": [
      "IRobot_Bedroom_Test1_HP_1804001",
      "IRobot_Bedroom_Test1_HP_1802085",
      "IRobot_Bedroom_Test1_HP_1793005",
      "IRobot_Bedroom_Test1_HP_1781079",
      "IRobot_Bedroom_Test1_HP_1790069"
    ],
    "query": [
      "IRobot_Bedroom_Test1_HP_1809058",
      "IRobot_Bedroom_Test1_HP_1784043",
      "IRobot_Bedroom_Test1_HP_1790043",
      "IRobot_Bedroom_Test1_HP_1807001",
      "IRobot_Bedroom_Test1_HP_1806070",
      "IRobot_Bedroom_Test1_HP_1804066",
      "IRobot_Bedroom_Test1_HP_1792005",
      "IRobot_Bedroom_Test1_HP_1806051",
      "IRobot_Bedroom_Test1_HP_1797097",
      "IRobot_Bedroom_Test1_HP_1808032",
      "IRobot_Bedroom_Test1_HP_1789062",
      "IRobot_Bedroom_Test1_HP_1803010",
      "IRobot_Bedroom_Test1_HP_1795016",
      "IRobot_Bedroom_Test1_HP_1801077",
      "IRobot_Bedroom_Test1_HP_1799035"
    ]
  },
  {
    "task_id": "task_Pet_15",
    "subject": "Pet",
    "user": "tito",
    "support": [
      "Pet_tito_test1_HP_1562015",
      "Pet_tito_test6_HP_1590002",
      "Pet_tito_test1_HP_1561020",
      "Pet_tito_test5_HP_1585024",
      "Pet_tito_test4_HP_1577005"
    ],
    "query": [
      "Pet_tito_test1_HP_1559015",
      "Pet_tito_test6_HP_1591006",
      "Pet_tito_test3_HP_1571006",
      "Pet_tito_test6_HP_1588005",
      "Pet_tito_test1_HP_1561012",
      "Pet_tito_test5_HP_1587001",
      "Pet_tito_test7_HP_1598013",
      "Pet_tito_test6_HP_1588002",
      "Pet_tito_test2_HP_1568006",
      "Pet_tito_test2_HP_1565024",
      "Pet_tito_test6_HP_1590003",
      "Pet_tito_test6_HP_1593020",
      "Pet_tito_test3_HP_1575008",
      "Pet_tito_test2_HP_1567009",
      "Pet_tito_test5_HP_1585012"
    ]
  },
  {
    "task_id": "task_Fan_16",
    "subject": "Fan",
    "user": "loc1",
    "support": [
      "Fan_loc1_Fan_HP_1633009",
      "Fan_loc1_Fan_HP_1634012",
      "Fan_loc1_Fan_HP_1629004",
      "Fan_loc1_Fan_HP_1632012",
      "Fan_loc1_Fan_HP_1608002"
    ],
    "query": [
      "Fan_loc1_Fan_HP_1609010",
      "Fan_loc1_Fan_HP_1619002",
      "Fan_loc1_Fan_HP_1619011",
      "Fan_loc1_Fan_HP_1622009",
      "Fan_loc1_Fan_HP_1627011",
      "Fan_loc1_Fan_HP_1628005",
      "Fan_loc1_Fan_HP_1609002",
      "Fan_loc1_Fan_HP_1626004",
      "Fan_loc1_Fan_HP_1617006",
      "Fan_loc1_Fan_HP_1630008",
      "Fan_loc1_Fan_HP_1634009",
      "Fan_loc1_Fan_HP_1619007",
      "Fan_loc1_Fan_HP_1617010",
      "Fan_loc1_Fan_HP_1609012",
      "Fan_loc1_Fan_HP_1608009"
    ]
  },
  {
    "task_id": "task_Human_17",
    "subject": "Human",
    "user": "Jesse",
    "support": [
      "Human_Jesse_Walking_HP_1432021",
      "Human_Jesse_Jogging_HP_1423008",
      "Human_Jesse_Sneaking_HP_1431021",
      "Human_Jesse_Sneaking_HP_1430005",
      "Human_Jesse_Combined_HP_1415030"
    ],
    "query": [
      "Human_Jesse_Combined_HP_1417009",
      "Human_Jesse_Jogging_HP_1420019",
      "Human_Jesse_Walking_HP_1432006",
      "Human_Jesse_Combined_HP_1415027",
      "Human_Jesse_Sneaking_HP_1431019",
      "Human_Jesse_Jogging_HP_1425000",
      "Human_Jesse_Jogging_HP_1421002",
      "Human_Jesse_Walking_HP_1436006",
      "Human_Jesse_Combined_HP_1417027",
      "Human_Jesse_Combined_HP_1417024",
      "Human_Jesse_Walking_HP_1432001",
      "Human_Jesse_Jogging_HP_1421020",
      "Human_Jesse_Walking_HP_1433019",
      "Human_Jesse_Jogging_HP_1423019",
      "Human_Jesse_Combined_HP_1415006"
    ]
  },
  {
    "task_id": "task_IRobot_18",
    "subject": "IRobot",
    "user": "Bedroom",
    "support": [
      "IRobot_Bedroom_Test1_HP_1807082",
      "IRobot_Bedroom_Test1_HP_1793014",
      "IRobot_Bedroom_Test1_HP_1780074",
      "IRobot_Bedroom_Test1_HP_1784091",
      "IRobot_Bedroom_Test1_HP_1802084"
    ],
    "query": [
      "IRobot_Bedroom_Test1_HP_1792049",
      "IRobot_Bedroom_Test1_HP_1789029",
      "IRobot_Bedroom_Test1_HP_1804097",
      "IRobot_Bedroom_Test1_HP_1804067",
      "IRobot_Bedroom_Test1_HP_1787044",
      "IRobot_Bedroom_Test1_HP_1788089",
      "IRobot_Bedroom_Test1_HP_1798008",
      "IRobot_Bedroom_Test1_HP_1783096",
      "IRobot_Bedroom_Test1_HP_1801089",
      "IRobot_Bedroom_Test1_HP_1780020",
      "IRobot_Bedroom_Test1_HP_1792081",
      "IRobot_Bedroom_Test1_HP_1803097",
      "IRobot_Bedroom_Test1_HP_1806031",
      "IRobot_Bedroom_Test1_HP_1804074",
      "IRobot_Bedroom_Test1_HP_1801072"
    ]
  },
  {
    "task_id": "task_Pet_19",
    "subject": "Pet",
    "user": "tito",
    "support": [
      "Pet_tito_test7_HP_1598017",
      "Pet_tito_test7_HP_1597006",
      "Pet_tito_test7_HP_1597004",
      "Pet_tito_test4_HP_1580011",
      "Pet_tito_test7_HP_1595014"
    ],
    "query": [
      "Pet_tito_test1_HP_1561013",
      "Pet_tito_test7_HP_1594001",
      "Pet_tito_test5_HP_1586012",
      "Pet_tito_test4_HP_1578012",
      "Pet_tito_test6_HP_1588013",
      "Pet_tito_test6_HP_1589015",
      "Pet_tito_test2_HP_1565012",
      "Pet_tito_test4_HP_1576023",
      "Pet_tito_test5_HP_1583010",
      "Pet_tito_test3_HP_1572002",
      "Pet_tito_test3_HP_1574006",
      "Pet_tito_test1_HP_1560012",
      "Pet_tito_test2_HP_1568011",
      "Pet_tito_test4_HP_1579019",
      "Pet_tito_test7_HP_1599003"
    ]
  },
  {
    "task_id": "task_Fan_20",
    "subject": "Fan",
    "user": "4_13_2023",
    "support": [
      "Fan_4_13_2023_Test_1_HP_709008",
      "Fan_4_13_2023_Test_1_HP_709000",
      "Fan_4_13_2023_Test_1_HP_708039",
      "Fan_4_13_2023_Test_1_HP_710030",
      "Fan_4_13_2023_Test_1_HP_711014"
    ],
    "query": [
      "Fan_4_13_2023_Test_1_HP_710001",
      "Fan_4_13_2023_Test_1_HP_712001",
      "Fan_4_13_2023_Test_1_HP_709042",
      "Fan_4_13_2023_Test_1_HP_712022",
      "Fan_4_13_2023_Test_1_HP_712033",
      "Fan_4_13_2023_Test_1_HP_711010",
      "Fan_4_13_2023_Test_1_HP_711048",
      "Fan_4_13_2023_Test_1_HP_713030",
      "Fan_4_13_2023_Test_1_HP_713032",
      "Fan_4_13_2023_Test_1_HP_709001",
      "Fan_4_13_2023_Test_1_HP_709006",
      "Fan_4_13_2023_Test_1_HP_713053",
      "Fan_4_13_2023_Test_1_HP_709048",
      "Fan_4_13_2023_Test_1_HP_713019",
      "Fan_4_13_2023_Test_1_HP_709009"
    ]
  },
  {
    "task_id": "task_Human_21",
    "subject": "Human",
    "user": "BrianK.andAndrew Two",
    "support": [
      "Human_BrianK.andAndrew Two_Intrusion_HP_645000",
      "Human_BrianK.andAndrew Two_Intrusion_HP_647006",
      "Human_BrianK.andAndrew Two_Sneaking_HP_659016",
      "Human_BrianK.andAndrew Two_Intrusion_HP_646001",
      "Human_BrianK.andAndrew Two_Sneaking_HP_655013"
    ],
    "query": [
      "Human_BrianK.andAndrew Two_Walking_HP_665005",
      "Human_BrianK.andAndrew Two_Sneaking_HP_659004",
      "Human_BrianK.andAndrew Two_Sneaking_HP_658010",
      "Human_BrianK.andAndrew Two_Walking_HP_660016",
      "Human_BrianK.andAndrew Two_Walking_HP_661017",
      "Human_BrianK.andAndrew Two_Running_HP_649017",
      "Human_BrianK.andAndrew Two_Intrusion_HP_642012",
      "Human_BrianK.andAndrew Two_Sneaking_HP_654023",
      "Human_BrianK.andAndrew Two_Intrusion_HP_647024",
      "Human_BrianK.andAndrew Two_Walking_HP_660003",
      "Human_BrianK.andAndrew Two_Running_HP_650015",
      "Human_BrianK.andAndrew Two_Walking_HP_665023",
      "Human_BrianK.andAndrew Two_Running_HP_649020",
      "Human_BrianK.andAndrew Two_Intrusion_HP_644000",
      "Human_BrianK.andAndrew Two_Intrusion_HP_643025"
    ]
  },
  {
    "task_id": "task_IRobot_22",
    "subject": "IRobot",
    "user": "4_13_2023",
    "support": [
      "IRobot_4_13_2023_Test_2_HP_839049",
      "IRobot_4_13_2023_Test_2_HP_838035",
      "IRobot_4_13_2023_Test_1_HP_824012",
      "IRobot_4_13_2023_Test_1_HP_833003",
      "IRobot_4_13_2023_Test_1_HP_779003"
    ],
    "query": [
      "IRobot_4_13_2023_Test_2_HP_837046",
      "IRobot_4_13_2023_Test_1_HP_809014",
      "IRobot_4_13_2023_Test_1_HP_782011",
      "IRobot_4_13_2023_Test_1_HP_831014",
      "IRobot_4_13_2023_Test_1_HP_799003",
      "IRobot_4_13_2023_Test_1_HP_801005",
      "IRobot_4_13_2023_Test_2_HP_841041",
      "IRobot_4_13_2023_Test_1_HP_831013",
      "IRobot_4_13_2023_Test_2_HP_841052",
      "IRobot_4_13_2023_Test_1_HP_782006",
      "IRobot_4_13_2023_Test_1_HP_835010",
      "IRobot_4_13_2023_Test_1_HP_819013",
      "IRobot_4_13_2023_Test_1_HP_808012",
      "IRobot_4_13_2023_Test_1_HP_801010",
      "IRobot_4_13_2023_Test_1_HP_820009"
    ]
  },
  {
    "task_id": "task_Pet_23",
    "subject": "Pet",
    "user": "tito",
    "support": [
      "Pet_tito_test1_HP_1560018",
      "Pet_tito_test2_HP_1565009",
      "Pet_tito_test7_HP_1596023",
      "Pet_tito_test3_HP_1573018",
      "Pet_tito_test7_HP_1595016"
    ],
    "query": [
      "Pet_tito_test1_HP_1561002",
      "Pet_tito_test4_HP_1576016",
      "Pet_tito_test1_HP_1559000",
      "Pet_tito_test6_HP_1591014",
      "Pet_tito_test3_HP_1570012",
      "Pet_tito_test1_HP_1559010",
      "Pet_tito_test2_HP_1567011",
      "Pet_tito_test4_HP_1578017",
      "Pet_tito_test3_HP_1571018",
      "Pet_tito_test6_HP_1590000",
      "Pet_tito_test6_HP_1589010",
      "Pet_tito_test5_HP_1586020",
      "Pet_tito_test2_HP_1567021",
      "Pet_tito_test4_HP_1576004",
      "Pet_tito_test4_HP_1581009"
    ]
  },
  {
    "task_id": "task_Fan_24",
    "subject": "Fan",
    "user": "4_13_2023",
    "support": [
      "Fan_4_13_2023_Test_1_HP_711000",
      "Fan_4_13_2023_Test_1_HP_711012",
      "Fan_4_13_2023_Test_1_HP_710000",
      "Fan_4_13_2023_Test_1_HP_713054",
      "Fan_4_13_2023_Test_1_HP_713005"
    ],
    "query": [
      "Fan_4_13_2023_Test_1_HP_710042",
      "Fan_4_13_2023_Test_1_HP_709032",
      "Fan_4_13_2023_Test_1_HP_713032",
      "Fan_4_13_2023_Test_1_HP_713022",
      "Fan_4_13_2023_Test_1_HP_712054",
      "Fan_4_13_2023_Test_1_HP_711038",
      "Fan_4_13_2023_Test_1_HP_712027",
      "Fan_4_13_2023_Test_1_HP_711057",
      "Fan_4_13_2023_Test_1_HP_711039",
      "Fan_4_13_2023_Test_1_HP_712016",
      "Fan_4_13_2023_Test_1_HP_713025",
      "Fan_4_13_2023_Test_1_HP_709024",
      "Fan_4_13_2023_Test_1_HP_713045",
      "Fan_4_13_2023_Test_1_HP_713048",
      "Fan_4_13_2023_Test_1_HP_713017"
    ]
  },
  {
    "task_id": "task_Human_25",
    "subject": "Human",
    "user": "Jesse",
    "support": [
      "Human_Jesse_Sneaking_HP_1427014",
      "Human_Jesse_Walking_HP_1433001",
      "Human_Jesse_Combined_HP_1417000",
      "Human_Jesse_Jogging_HP_1421022",
      "Human_Jesse_Walking_HP_1435002"
    ],
    "query": [
      "Human_Jesse_Jogging_HP_1423022",
      "Human_Jesse_Walking_HP_1434005",
      "Human_Jesse_Jogging_HP_1423009",
      "Human_Jesse_Combined_HP_1417020",
      "Human_Jesse_Jogging_HP_1425004",
      "Human_Jesse_Walking_HP_1437012",
      "Human_Jesse_Walking_HP_1436008",
      "Human_Jesse_Walking_HP_1437005",
      "Human_Jesse_Walking_HP_1437007",
      "Human_Jesse_Jogging_HP_1422013",
      "Human_Jesse_Combined_HP_1414025",
      "Human_Jesse_Combined_HP_1417025",
      "Human_Jesse_Jogging_HP_1420023",
      "Human_Jesse_Sneaking_HP_1429006",
      "Human_Jesse_Combined_HP_1419008"
    ]
  },
  {
    "task_id": "task_IRobot_26",
    "subject": "IRobot",
    "user": "Bedroom",
    "support": [
      "IRobot_Bedroom_Test1_HP_1797060",
      "IRobot_Bedroom_Test1_HP_1804009",
      "IRobot_Bedroom_Test1_HP_1809062",
      "IRobot_Bedroom_Test1_HP_1787019",
      "IRobot_Bedroom_Test1_HP_1783021"
    ],
    "query": [
      "IRobot_Bedroom_Test1_HP_1800067",
      "IRobot_Bedroom_Test1_HP_1784086",
      "IRobot_Bedroom_Test1_HP_1780079",
      "IRobot_Bedroom_Test1_HP_1787040",
      "IRobot_Bedroom_Test1_HP_1805092",
      "IRobot_Bedroom_Test1_HP_1783001",
      "IRobot_Bedroom_Test1_HP_1808028",
      "IRobot_Bedroom_Test1_HP_1790014",
      "IRobot_Bedroom_Test1_HP_1780086",
      "IRobot_Bedroom_Test1_HP_1800021",
      "IRobot_Bedroom_Test1_HP_1791057",
      "IRobot_Bedroom_Test1_HP_1780077",
      "IRobot_Bedroom_Test1_HP_1788037",
      "IRobot_Bedroom_Test1_HP_1805097",
      "IRobot_Bedroom_Test1_HP_1794029"
    ]
  },
  {
    "task_id": "task_Pet_27",
    "subject": "Pet",
    "user": "tito",
    "support": [
      "Pet_tito_test7_HP_1595003",
      "Pet_tito_test2_HP_1566011",
      "Pet_tito_test4_HP_1576023",
      "Pet_tito_test7_HP_1597003",
      "Pet_tito_test1_HP_1559001"
    ],
    "query": [
      "Pet_tito_test5_HP_1586002",
      "Pet_tito_test4_HP_1580006",
      "Pet_tito_test2_HP_1565021",
      "Pet_tito_test3_HP_1572001",
      "Pet_tito_test2_HP_1569024",
      "Pet_tito_test2_HP_1564002",
      "Pet_tito_test7_HP_1596013",
      "Pet_tito_test3_HP_1573021",
      "Pet_tito_test2_HP_1565018",
      "Pet_tito_test1_HP_1558016",
      "Pet_tito_test1_HP_1559004",
      "Pet_tito_test5_HP_1586011",
      "Pet_tito_test3_HP_1570002",
      "Pet_tito_test4_HP_1579020",
      "Pet_tito_test5_HP_1587003"
    ]
  },
  {
    "task_id": "task_Fan_28",
    "subject": "Fan",
    "user": "4_13_2023",
    "support": [
      "Fan_4_13_2023_Test_1_HP_708057",
      "Fan_4_13_2023_Test_1_HP_712010",
      "Fan_4_13_2023_Test_1_HP_711058",
      "Fan_4_13_2023_Test_1_HP_713019",
      "Fan_4_13_2023_Test_1_HP_708025"
    ],
    "query": [
      "Fan_4_13_2023_Test_1_HP_708032",
      "Fan_4_13_2023_Test_1_HP_711035",
      "Fan_4_13_2023_Test_1_HP_708039",
      "Fan_4_13_2023_Test_1_HP_712018",
      "Fan_4_13_2023_Test_1_HP_713026",
      "Fan_4_13_2023_Test_1_HP_711047",
      "Fan_4_13_2023_Test_1_HP_710040",
      "Fan_4_13_2023_Test_1_HP_712001",
      "Fan_4_13_2023_Test_1_HP_712022",
      "Fan_4_13_2023_Test_1_HP_710017",
      "Fan_4_13_2023_Test_1_HP_709022",
      "Fan_4_13_2023_Test_1_HP_713017",
      "Fan_4_13_2023_Test_1_HP_712015",
      "Fan_4_13_2023_Test_1_HP_708024",
      "Fan_4_13_2023_Test_1_HP_711031"
    ]
  },
  {
    "task_id": "task_Human_29",
    "subject": "Human",
    "user": "Jesse",
    "support": [
      "Human_Jesse_Combined_HP_1419017",
      "Human_Jesse_Combined_HP_1414019",
      "Human_Jesse_Sneaking_HP_1427015",
      "Human_Jesse_Walking_HP_1437020",
      "Human_Jesse_Combined_HP_1417002"
    ],
    "query": [
      "Human_Jesse_Combined_HP_1418008",
      "Human_Jesse_Sneaking_HP_1429005",
      "Human_Jesse_Combined_HP_1414033",
      "Human_Jesse_Walking_HP_1434013",
      "Human_Jesse_Combined_HP_1419018",
      "Human_Jesse_Sneaking_HP_1427002",
      "Human_Jesse_Jogging_HP_1425002",
      "Human_Jesse_Jogging_HP_1421012",
      "Human_Jesse_Walking_HP_1435004",
      "Human_Jesse_Sneaking_HP_1430016",
      "Human_Jesse_Combined_HP_1414008",
      "Human_Jesse_Walking_HP_1435005",
      "Human_Jesse_Walking_HP_1433014",
      "Human_Jesse_Combined_HP_1414031",
      "Human_Jesse_Combined_HP_1418029"
    ]
  },
  {
    "task_id": "task_IRobot_30",
    "subject": "IRobot",
    "user": "4_13_2023",
    "support": [
      "IRobot_4_13_2023_Test_2_HP_841010",
      "IRobot_4_13_2023_Test_1_HP_806008",
      "IRobot_4_13_2023_Test_1_HP_792014",
      "IRobot_4_13_2023_Test_1_HP_785006",
      "IRobot_4_13_2023_Test_1_HP_809009"
    ],
    "query": [
      "IRobot_4_13_2023_Test_2_HP_836014",
      "IRobot_4_13_2023_Test_1_HP_801009",
      "IRobot_4_13_2023_Test_1_HP_805000",
      "IRobot_4_13_2023_Test_1_HP_816011",
      "IRobot_4_13_2023_Test_1_HP_800008",
      "IRobot_4_13_2023_Test_1_HP_780008",
      "IRobot_4_13_2023_Test_1_HP_783007",
      "IRobot_4_13_2023_Test_1_HP_808000",
      "IRobot_4_13_2023_Test_1_HP_818014",
      "IRobot_4_13_2023_Test_1_HP_809011",
      "IRobot_4_13_2023_Test_1_HP_810011",
      "IRobot_4_13_2023_Test_1_HP_788014",
      "IRobot_4_13_2023_Test_2_HP_838018",
      "IRobot_4_13_2023_Test_1_HP_792001",
      "IRobot_4_13_2023_Test_2_HP_840039"
    ]
  },
  {
    "task_id": "task_Pet_31",
    "subject": "Pet",
    "user": "tito",
    "support": [
      "Pet_tito_test7_HP_1599013",
      "Pet_tito_test5_HP_1582006",
      "Pet_tito_test3_HP_1575018",
      "Pet_tito_test1_HP_1562022",
      "Pet_tito_test2_HP_1566019"
    ],
    "query": [
      "Pet_tito_test6_HP_1593010",
      "Pet_tito_test4_HP_1576012",
      "Pet_tito_test5_HP_1585020",
      "Pet_tito_test2_HP_1568021",
      "Pet_tito_test2_HP_1569024",
      "Pet_tito_test3_HP_1572014",
      "Pet_tito_test4_HP_1576009",
      "Pet_tito_test4_HP_1581001",
      "Pet_tito_test5_HP_1587004",
      "Pet_tito_test3_HP_1572011",
      "Pet_tito_test1_HP_1562009",
      "Pet_tito_test3_HP_1571008",
      "Pet_tito_test3_HP_1571005",
      "Pet_tito_test6_HP_1588001",
      "Pet_tito_test3_HP_1574008"
    ]
  },
  {
    "task_id": "task_Fan_32",
    "subject": "Fan",
    "user": "4_13_2023",
    "support": [
      "Fan_4_13_2023_Test_1_HP_713021",
      "Fan_4_13_2023_Test_1_HP_709042",
      "Fan_4_13_2023_Test_1_HP_709005",
      "Fan_4_13_2023_Test_1_HP_710057",
      "Fan_4_13_2023_Test_1_HP_713022"
    ],
    "query": [
      "Fan_4_13_2023_Test_1_HP_712010",
      "Fan_4_13_2023_Test_1_HP_713038",
      "Fan_4_13_2023_Test_1_HP_709034",
      "Fan_4_13_2023_Test_1_HP_711033",
      "Fan_4_13_2023_Test_1_HP_713037",
      "Fan_4_13_2023_Test_1_HP_713042",
      "Fan_4_13_2023_Test_1_HP_710035",
      "Fan_4_13_2023_Test_1_HP_713023",
      "Fan_4_13_2023_Test_1_HP_712035",
      "Fan_4_13_2023_Test_1_HP_711006",
      "Fan_4_13_2023_Test_1_HP_711001",
      "Fan_4_13_2023_Test_1_HP_709006",
      "Fan_4_13_2023_Test_1_HP_709025",
      "Fan_4_13_2023_Test_1_HP_713048",
      "Fan_4_13_2023_Test_1_HP_713056"
    ]
  },
  {
    "task_id": "task_Human_33",
    "subject": "Human",
    "user": "BrianK.andAndrew Two",
    "support": [
      "Human_BrianK.andAndrew Two_Running_HP_648015",
      "Human_BrianK.andAndrew Two_Walking_HP_664001",
      "Human_BrianK.andAndrew Two_Intrusion_HP_646015",
      "Human_BrianK.andAndrew Two_Intrusion_HP_645022",
      "Human_BrianK.andAndrew Two_Sneaking_HP_659011"
    ],
    "query": [
      "Human_BrianK.andAndrew Two_Intrusion_HP_644005",
      "Human_BrianK.andAndrew Two_Sneaking_HP_657010",
      "Human_BrianK.andAndrew Two_Sneaking_HP_654021",
      "Human_BrianK.andAndrew Two_Sneaking_HP_657020",
      "Human_BrianK.andAndrew Two_Sneaking_HP_656011",
      "Human_BrianK.andAndrew Two_Intrusion_HP_642011",
      "Human_BrianK.andAndrew Two_Running_HP_648003",
      "Human_BrianK.andAndrew Two_Walking_HP_660003",
      "Human_BrianK.andAndrew Two_Running_HP_650000",
      "Human_BrianK.andAndrew Two_Intrusion_HP_646011",
      "Human_BrianK.andAndrew Two_Intrusion_HP_644006",
      "Human_BrianK.andAndrew Two_Sneaking_HP_657017",
      "Human_BrianK.andAndrew Two_Sneaking_HP_659005",
      "Human_BrianK.andAndrew Two_Intrusion_HP_647020",
      "Human_BrianK.andAndrew Two_Walking_HP_665015"
    ]
  },
  {
    "task_id": "task_IRobot_34",
    "subject": "IRobot",
    "user": "Bedroom",
    "support": [
      "IRobot_Bedroom_Test1_HP_1802013",
      "IRobot_Bedroom_Test1_HP_1780071",
      "IRobot_Bedroom_Test1_HP_1794084",
      "IRobot_Bedroom_Test1_HP_1794007",
      "IRobot_Bedroom_Test1_HP_1790031"
    ],
    "query": [
      "IRobot_Bedroom_Test1_HP_1808081",
      "IRobot_Bedroom_Test1_HP_1809037",
      "IRobot_Bedroom_Test1_HP_1807021",
      "IRobot_Bedroom_Test1_HP_1786022",
      "IRobot_Bedroom_Test1_HP_1799036",
      "IRobot_Bedroom_Test1_HP_1784022",
      "IRobot_Bedroom_Test1_HP_1784050",
      "IRobot_Bedroom_Test1_HP_1808033",
      "IRobot_Bedroom_Test1_HP_1804069",
      "IRobot_Bedroom_Test1_HP_1799007",
      "IRobot_Bedroom_Test1_HP_1794080",
      "IRobot_Bedroom_Test1_HP_1781079",
      "IRobot_Bedroom_Test1_HP_1795029",
      "IRobot_Bedroom_Test1_HP_1801019",
      "IRobot_Bedroom_Test1_HP_1798048"
    ]
  },
  {
    "task_id": "task_Pet_35",
    "subject": "Pet",
    "user": "Blaze",
    "support": [
      "Pet_Blaze_Test_1_HP_1465025",
      "Pet_Blaze_Test_5_HP_1490016",
      "Pet_Blaze_Test_2_HP_1473005",
      "Pet_Blaze_Test_5_HP_1490000",
      "Pet_Blaze_Test_5_HP_1489021"
    ],
    "query": [
      "Pet_Blaze_Test_2_HP_1468010",
      "Pet_Blaze_Test_2_HP_1469026",
      "Pet_Blaze_Test_4_HP_1484008",
      "Pet_Blaze_Test_4_HP_1485010",
      "Pet_Blaze_Test_4_HP_1485014",
      "Pet_Blaze_Test_6_HP_1496003",
      "Pet_Blaze_Test_2_HP_1471016",
      "Pet_Blaze_Test_3_HP_1474008",
      "Pet_Blaze_Test_1_HP_1466019",
      "Pet_Blaze_Test_6_HP_1495008",
      "Pet_Blaze_Test_2_HP_1469006",
      "Pet_Blaze_Test_6_HP_1496013",
      "Pet_Blaze_Test_2_HP_1470034",
      "Pet_Blaze_Test_4_HP_1484019",
      "Pet_Blaze_Test_1_HP_1463016"
    ]
  },
  {
    "task_id": "task_Fan_36",
    "subject": "Fan",
    "user": "loc1",
    "support": [
      "Fan_loc1_Fan_HP_1630004",
      "Fan_loc1_Fan_HP_1621000",
      "Fan_loc1_Fan_HP_1625001",
      "Fan_loc1_Fan_HP_1626010",
      "Fan_loc1_Fan_HP_1620010"
    ],
    "query": [
      "Fan_loc1_Fan_HP_1605006",
      "Fan_loc1_Fan_HP_1629001",
      "Fan_loc1_Fan_HP_1623008",
      "Fan_loc1_Fan_HP_1626006",
      "Fan_loc1_Fan_HP_1624006",
      "Fan_loc1_Fan_HP_1601006",
      "Fan_loc1_Fan_HP_1622011",
      "Fan_loc1_Fan_HP_1605001",
      "Fan_loc1_Fan_HP_1608006",
      "Fan_loc1_Fan_HP_1634000",
      "Fan_loc1_Fan_HP_1628003",
      "Fan_loc1_Fan_HP_1629003",
      "Fan_loc1_Fan_HP_1623005",
      "Fan_loc1_Fan_HP_1614006",
      "Fan_loc1_Fan_HP_1614000"
    ]
  },
  {
    "task_id": "task_Human_37",
    "subject": "Human",
    "user": "Jesse",
    "support": [
      "Human_Jesse_Combined_HP_1418014",
      "Human_Jesse_Walking_HP_1436011",
      "Human_Jesse_Walking_HP_1437016",
      "Human_Jesse_Walking_HP_1437018",
      "Human_Jesse_Jogging_HP_1420001"
    ],
    "query": [
      "Human_Jesse_Walking_HP_1436017",
      "Human_Jesse_Walking_HP_1437000",
      "Human_Jesse_Jogging_HP_1424003",
      "Human_Jesse_Walking_HP_1436013",
      "Human_Jesse_Sneaking_HP_1428016",
      "Human_Jesse_Walking_HP_1437005",
      "Human_Jesse_Jogging_HP_1422019",
      "Human_Jesse_Sneaking_HP_1431020",
      "Human_Jesse_Sneaking_HP_1431012",
      "Human_Jesse_Combined_HP_1417027",
      "Human_Jesse_Combined_HP_1415003",
      "Human_Jesse_Sneaking_HP_1430021",
      "Human_Jesse_Jogging_HP_1422005",
      "Human_Jesse_Jogging_HP_1420007",
      "Human_Jesse_Combined_HP_1417023"
    ]
  },
  {
    "task_id": "task_IRobot_38",
    "subject": "IRobot",
    "user": "Bedroom",
    "support": [
      "IRobot_Bedroom_Test1_HP_1804007",
      "IRobot_Bedroom_Test1_HP_1789091",
      "IRobot_Bedroom_Test1_HP_1781004",
      "IRobot_Bedroom_Test1_HP_1799009",
      "IRobot_Bedroom_Test1_HP_1782001"
    ],
    "query": [
      "IRobot_Bedroom_Test1_HP_1781083",
      "IRobot_Bedroom_Test1_HP_1809096",
      "IRobot_Bedroom_Test1_HP_1785074",
      "IRobot_Bedroom_Test1_HP_1791010",
      "IRobot_Bedroom_Test1_HP_1783063",
      "IRobot_Bedroom_Test1_HP_1792007",
      "IRobot_Bedroom_Test1_HP_1792087",
      "IRobot_Bedroom_Test1_HP_1799075",
      "IRobot_Bedroom_Test1_HP_1790053",
      "IRobot_Bedroom_Test1_HP_1808064",
      "IRobot_Bedroom_Test1_HP_1791016",
      "IRobot_Bedroom_Test1_HP_1803028",
      "IRobot_Bedroom_Test1_HP_1790061",
      "IRobot_Bedroom_Test1_HP_1798011",
      "IRobot_Bedroom_Test1_HP_1806071"
    ]
  },
  {
    "task_id": "task_Pet_39",
    "subject": "Pet",
    "user": "loc1",
    "support": [
      "Pet_loc1_Pet_HP_1742004",
      "Pet_loc1_Pet_HP_1721007",
      "Pet_loc1_Pet_HP_1645007",
      "Pet_loc1_Pet_HP_1686002",
      "Pet_loc1_Pet_HP_1677007"
    ],
    "query": [
      "Pet_loc1_Pet_HP_1703004",
      "Pet_loc1_Pet_HP_1748004",
      "Pet_loc1_Pet_HP_1670001",
      "Pet_loc1_Pet_HP_1649009",
      "Pet_loc1_Pet_HP_1735009",
      "Pet_loc1_Pet_HP_1655010",
      "Pet_loc1_Pet_HP_1735006",
      "Pet_loc1_Pet_HP_1725000",
      "Pet_loc1_Pet_HP_1639008",
      "Pet_loc1_Pet_HP_1639003",
      "Pet_loc1_Pet_HP_1736002",
      "Pet_loc1_Pet_HP_1746005",
      "Pet_loc1_Pet_HP_1648006",
      "Pet_loc1_Pet_HP_1668007",
      "Pet_loc1_Pet_HP_1734012"
    ]
  },
  {
    "task_id": "task_Fan_40",
    "subject": "Fan",
    "user": "loc1",
    "support": [
      "Fan_loc1_Fan_HP_1610004",
      "Fan_loc1_Fan_HP_1634002",
      "Fan_loc1_Fan_HP_1619009",
      "Fan_loc1_Fan_HP_1600008",
      "Fan_loc1_Fan_HP_1613006"
    ],
    "query": [
      "Fan_loc1_Fan_HP_1618003",
      "Fan_loc1_Fan_HP_1601009",
      "Fan_loc1_Fan_HP_1604000",
      "Fan_loc1_Fan_HP_1601012",
      "Fan_loc1_Fan_HP_1609005",
      "Fan_loc1_Fan_HP_1632002",
      "Fan_loc1_Fan_HP_1627000",
      "Fan_loc1_Fan_HP_1624003",
      "Fan_loc1_Fan_HP_1612004",
      "Fan_loc1_Fan_HP_1616003",
      "Fan_loc1_Fan_HP_1629006",
      "Fan_loc1_Fan_HP_1627013",
      "Fan_loc1_Fan_HP_1621004",
      "Fan_loc1_Fan_HP_1619008",
      "Fan_loc1_Fan_HP_1606013"
    ]
  },
  {
    "task_id": "task_Human_41",
    "subject": "Human",
    "user": "BrianK.andAndrew Two",
    "support": [
      "Human_BrianK.andAndrew Two_Intrusion_HP_647004",
      "Human_BrianK.andAndrew Two_Intrusion_HP_647001",
      "Human_BrianK.andAndrew Two_Intrusion_HP_647016",
      "Human_BrianK.andAndrew Two_Sneaking_HP_655003",
      "Human_BrianK.andAndrew Two_Walking_HP_663004"
    ],
    "query": [
      "Human_BrianK.andAndrew Two_Walking_HP_663022",
      "Human_BrianK.andAndrew Two_Intrusion_HP_646025",
      "Human_BrianK.andAndrew Two_Sneaking_HP_654004",
      "Human_BrianK.andAndrew Two_Intrusion_HP_645009",
      "Human_BrianK.andAndrew Two_Sneaking_HP_658012",
      "Human_BrianK.andAndrew Two_Intrusion_HP_645024",
      "Human_BrianK.andAndrew Two_Intrusion_HP_645028",
      "Human_BrianK.andAndrew Two_Sneaking_HP_658010",
      "Human_BrianK.andAndrew Two_Walking_HP_664004",
      "Human_BrianK.andAndrew Two_Walking_HP_665001",
      "Human_BrianK.andAndrew Two_Sneaking_HP_657017",
      "Human_BrianK.andAndrew Two_Running_HP_653010",
      "Human_BrianK.andAndrew Two_Intrusion_HP_646024",
      "Human_BrianK.andAndrew Two_Intrusion_HP_644012",
      "Human_BrianK.andAndrew Two_Sneaking_HP_657014"
    ]
  },
  {
    "task_id": "task_IRobot_42",
    "subject": "IRobot",
    "user": "4_13_2023",
    "support": [
      "IRobot_4_13_2023_Test_1_HP_771008",
      "IRobot_4_13_2023_Test_1_HP_832012",
      "IRobot_4_13_2023_Test_1_HP_823008",
      "IRobot_4_13_2023_Test_2_HP_840038",
      "IRobot_4_13_2023_Test_1_HP_773007"
    ],
    "query": [
      "IRobot_4_13_2023_Test_1_HP_807005",
      "IRobot_4_13_2023_Test_1_HP_807000",
      "IRobot_4_13_2023_Test_1_HP_815004",
      "IRobot_4_13_2023_Test_1_HP_824000",
      "IRobot_4_13_2023_Test_1_HP_786011",
      "IRobot_4_13_2023_Test_1_HP_776008",
      "IRobot_4_13_2023_Test_2_HP_836007",
      "IRobot_4_13_2023_Test_1_HP_783006",
      "IRobot_4_13_2023_Test_1_HP_777005",
      "IRobot_4_13_2023_Test_1_HP_810000",
      "IRobot_4_13_2023_Test_2_HP_837026",
      "IRobot_4_13_2023_Test_1_HP_781007",
      "IRobot_4_13_2023_Test_2_HP_838045",
      "IRobot_4_13_2023_Test_1_HP_775004",
      "IRobot_4_13_2023_Test_1_HP_822009"
    ]
  },
  {
    "task_id": "task_Pet_43",
    "subject": "Pet",
    "user": "tito",
    "support": [
      "Pet_tito_test6_HP_1590001",
      "Pet_tito_test1_HP_1560003",
      "Pet_tito_test7_HP_1598021",
      "Pet_tito_test2_HP_1565006",
      "Pet_tito_test5_HP_1582001"
    ],
    "query": [
      "Pet_tito_test2_HP_1569022",
      "Pet_tito_test3_HP_1574010",
      "Pet_tito_test5_HP_1585015",
      "Pet_tito_test4_HP_1580002",
      "Pet_tito_test3_HP_1572002",
      "Pet_tito_test1_HP_1559001",
      "Pet_tito_test6_HP_1590011",
      "Pet_tito_test2_HP_1565010",
      "Pet_tito_test5_HP_1585023",
      "Pet_tito_test6_HP_1588021",
      "Pet_tito_test3_HP_1572019",
      "Pet_tito_test5_HP_1583012",
      "Pet_tito_test6_HP_1588016",
      "Pet_tito_test3_HP_1571005",
      "Pet_tito_test5_HP_1583016"
    ]
  },
  {
    "task_id": "task_Fan_44",
    "subject": "Fan",
    "user": "4_13_2023",
    "support": [
      "Fan_4_13_2023_Test_1_HP_710056",
      "Fan_4_13_2023_Test_1_HP_713013",
      "Fan_4_13_2023_Test_1_HP_712031",
      "Fan_4_13_2023_Test_1_HP_711023",
      "Fan_4_13_2023_Test_1_HP_713007"
    ],
    "query": [
      "Fan_4_13_2023_Test_1_HP_711012",
      "Fan_4_13_2023_Test_1_HP_713058",
      "Fan_4_13_2023_Test_1_HP_708043",
      "Fan_4_13_2023_Test_1_HP_709005",
      "Fan_4_13_2023_Test_1_HP_713001",
      "Fan_4_13_2023_Test_1_HP_711017",
      "Fan_4_13_2023_Test_1_HP_712010",
      "Fan_4_13_2023_Test_1_HP_709012",
      "Fan_4_13_2023_Test_1_HP_708056",
      "Fan_4_13_2023_Test_1_HP_712051",
      "Fan_4_13_2023_Test_1_HP_709046",
      "Fan_4_13_2023_Test_1_HP_708006",
      "Fan_4_13_2023_Test_1_HP_712047",
      "Fan_4_13_2023_Test_1_HP_711018",
      "Fan_4_13_2023_Test_1_HP_713040"
    ]
  },
  {
    "task_id": "task_Human_45",
    "subject": "Human",
    "user": "BrianK.andAndrew Two",
    "support": [
      "Human_BrianK.andAndrew Two_Sneaking_HP_658019",
      "Human_BrianK.andAndrew Two_Sneaking_HP_656023",
      "Human_BrianK.andAndrew Two_Intrusion_HP_644007",
      "Human_BrianK.andAndrew Two_Intrusion_HP_647001",
      "Human_BrianK.andAndrew Two_Running_HP_649003"
    ],
    "query": [
      "Human_BrianK.andAndrew Two_Sneaking_HP_659002",
      "Human_BrianK.andAndrew Two_Intrusion_HP_646031",
      "Human_BrianK.andAndrew Two_Running_HP_651018",
      "Human_BrianK.andAndrew Two_Running_HP_650004",
      "Human_BrianK.andAndrew Two_Intrusion_HP_643004",
      "Human_BrianK.andAndrew Two_Running_HP_649007",
      "Human_BrianK.andAndrew Two_Intrusion_HP_642017",
      "Human_BrianK.andAndrew Two_Walking_HP_665007",
      "Human_BrianK.andAndrew Two_Intrusion_HP_646014",
      "Human_BrianK.andAndrew Two_Walking_HP_662006",
      "Human_BrianK.andAndrew Two_Walking_HP_660012",
      "Human_BrianK.andAndrew Two_Intrusion_HP_643014",
      "Human_BrianK.andAndrew Two_Intrusion_HP_647030",
      "Human_BrianK.andAndrew Two_Walking_HP_660007",
      "Human_BrianK.andAndrew Two_Running_HP_649001"
    ]
  },
  {
    "task_id": "task_IRobot_46",
    "subject": "IRobot",
    "user": "4_13_2023",
    "support": [
      "IRobot_4_13_2023_Test_1_HP_781007",
      "IRobot_4_13_2023_Test_2_HP_839033",
      "IRobot_4_13_2023_Test_2_HP_839001",
      "IRobot_4_13_2023_Test_2_HP_840038",
      "IRobot_4_13_2023_Test_1_HP_770008"
    ],
    "query": [
      "IRobot_4_13_2023_Test_1_HP_799009",
      "IRobot_4_13_2023_Test_2_HP_841033",
      "IRobot_4_13_2023_Test_2_HP_837010",
      "IRobot_4_13_2023_Test_1_HP_833012",
      "IRobot_4_13_2023_Test_1_HP_822007",
      "IRobot_4_13_2023_Test_1_HP_795007",
      "IRobot_4_13_2023_Test_2_HP_836025",
      "IRobot_4_13_2023_Test_1_HP_830013",
      "IRobot_4_13_2023_Test_1_HP_808013",
      "IRobot_4_13_2023_Test_1_HP_780014",
      "IRobot_4_13_2023_Test_2_HP_836049",
      "IRobot_4_13_2023_Test_2_HP_839031",
      "IRobot_4_13_2023_Test_1_HP_815000",
      "IRobot_4_13_2023_Test_1_HP_796003",
      "IRobot_4_13_2023_Test_1_HP_832009"
    ]
  },
  {
    "task_id": "task_Pet_47",
    "subject": "Pet",
    "user": "tito",
    "support": [
      "Pet_tito_test1_HP_1559004",
      "Pet_tito_test5_HP_1582002",
      "Pet_tito_test3_HP_1570016",
      "Pet_tito_test5_HP_1586021",
      "Pet_tito_test1_HP_1563019"
    ],
    "query": [
      "Pet_tito_test7_HP_1596011",
      "Pet_tito_test6_HP_1588017",
      "Pet_tito_test2_HP_1567005",
      "Pet_tito_test4_HP_1579018",
      "Pet_tito_test2_HP_1569022",
      "Pet_tito_test2_HP_1569020",
      "Pet_tito_test2_HP_1566015",
      "Pet_tito_test1_HP_1558022",
      "Pet_tito_test3_HP_1574000",
      "Pet_tito_test2_HP_1568014",
      "Pet_tito_test1_HP_1561019",
      "Pet_tito_test1_HP_1561020",
      "Pet_tito_test6_HP_1593005",
      "Pet_tito_test2_HP_1565018",
      "Pet_tito_test1_HP_1559022"
    ]
  },
  {
    "task_id": "task_Fan_48",
    "subject": "Fan",
    "user": "loc1",
    "support": [
      "Fan_loc1_Fan_HP_1630009",
      "Fan_loc1_Fan_HP_1629006",
      "Fan_loc1_Fan_HP_1608010",
      "Fan_loc1_Fan_HP_1618000",
      "Fan_loc1_Fan_HP_1630008"
    ],
    "query": [
      "Fan_loc1_Fan_HP_1628001",
      "Fan_loc1_Fan_HP_1622002",
      "Fan_loc1_Fan_HP_1626006",
      "Fan_loc1_Fan_HP_1633000",
      "Fan_loc1_Fan_HP_1617004",
      "Fan_loc1_Fan_HP_1625001",
      "Fan_loc1_Fan_HP_1613003",
      "Fan_loc1_Fan_HP_1600009",
      "Fan_loc1_Fan_HP_1632000",
      "Fan_loc1_Fan_HP_1623009",
      "Fan_loc1_Fan_HP_1619010",
      "Fan_loc1_Fan_HP_1616006",
      "Fan_loc1_Fan_HP_1634003",
      "Fan_loc1_Fan_HP_1612005",
      "Fan_loc1_Fan_HP_1609014"
    ]
  },
  {
    "task_id": "task_Human_49",
    "subject": "Human",
    "user": "BrianK.andAndrew Two",
    "support": [
      "Human_BrianK.andAndrew Two_Intrusion_HP_642006",
      "Human_BrianK.andAndrew Two_Intrusion_HP_644000",
      "Human_BrianK.andAndrew Two_Intrusion_HP_645000",
      "Human_BrianK.andAndrew Two_Sneaking_HP_655006",
      "Human_BrianK.andAndrew Two_Running_HP_652017"
    ],
    "query": [
      "Human_BrianK.andAndrew Two_Intrusion_HP_647016",
      "Human_BrianK.andAndrew Two_Walking_HP_663023",
      "Human_BrianK.andAndrew Two_Running_HP_651013",
      "Human_BrianK.andAndrew Two_Intrusion_HP_645010",
      "Human_BrianK.andAndrew Two_Sneaking_HP_657012",
      "Human_BrianK.andAndrew Two_Intrusion_HP_647027",
      "Human_BrianK.andAndrew Two_Walking_HP_664008",
      "Human_BrianK.andAndrew Two_Sneaking_HP_658006",
      "Human_BrianK.andAndrew Two_Intrusion_HP_643013",
      "Human_BrianK.andAndrew Two_Intrusion_HP_643009",
      "Human_BrianK.andAndrew Two_Intrusion_HP_644031",
      "Human_BrianK.andAndrew Two_Intrusion_HP_646007",
      "Human_BrianK.andAndrew Two_Walking_HP_663003",
      "Human_BrianK.andAndrew Two_Running_HP_650017",
      "Human_BrianK.andAndrew Two_Intrusion_HP_646025"
    ]
  },
  {
    "task_id": "task_IRobot_50",
    "subject": "IRobot",
    "user": "4_13_2023",
    "support": [
      "IRobot_4_13_2023_Test_1_HP_795001",
      "IRobot_4_13_2023_Test_1_HP_781005",
      "IRobot_4_13_2023_Test_1_HP_801013",
      "IRobot_4_13_2023_Test_1_HP_787003",
      "IRobot_4_13_2023_Test_1_HP_775010"
    ],
    "query": [
      "IRobot_4_13_2023_Test_1_HP_776010",
      "IRobot_4_13_2023_Test_1_HP_774002",
      "IRobot_4_13_2023_Test_1_HP_805005",
      "IRobot_4_13_2023_Test_1_HP_775005",
      "IRobot_4_13_2023_Test_1_HP_783012",
      "IRobot_4_13_2023_Test_1_HP_797013",
      "IRobot_4_13_2023_Test_1_HP_832014",
      "IRobot_4_13_2023_Test_1_HP_820006",
      "IRobot_4_13_2023_Test_1_HP_800014",
      "IRobot_4_13_2023_Test_1_HP_796005",
      "IRobot_4_13_2023_Test_1_HP_794010",
      "IRobot_4_13_2023_Test_1_HP_821009",
      "IRobot_4_13_2023_Test_1_HP_831011",
      "IRobot_4_13_2023_Test_1_HP_796014",
      "IRobot_4_13_2023_Test_2_HP_836024"
    ]
  },
  {
    "task_id": "task_Pet_51",
    "subject": "Pet",
    "user": "loc1",
    "support": [
      "Pet_loc1_Pet_HP_1675003",
      "Pet_loc1_Pet_HP_1690001",
      "Pet_loc1_Pet_HP_1713007",
      "Pet_loc1_Pet_HP_1673002",
      "Pet_loc1_Pet_HP_1651008"
    ],
    "query": [
      "Pet_loc1_Pet_HP_1694000",
      "Pet_loc1_Pet_HP_1657000",
      "Pet_loc1_Pet_HP_1660005",
      "Pet_loc1_Pet_HP_1665001",
      "Pet_loc1_Pet_HP_1638009",
      "Pet_loc1_Pet_HP_1653000",
      "Pet_loc1_Pet_HP_1688000",
      "Pet_loc1_Pet_HP_1716002",
      "Pet_loc1_Pet_HP_1720008",
      "Pet_loc1_Pet_HP_1702001",
      "Pet_loc1_Pet_HP_1734013",
      "Pet_loc1_Pet_HP_1677002",
      "Pet_loc1_Pet_HP_1740002",
      "Pet_loc1_Pet_HP_1750000",
      "Pet_loc1_Pet_HP_1669003"
    ]
  },
  {
    "task_id": "task_Fan_52",
    "subject": "Fan",
    "user": "loc1",
    "support": [
      "Fan_loc1_Fan_HP_1629005",
      "Fan_loc1_Fan_HP_1617004",
      "Fan_loc1_Fan_HP_1624013",
      "Fan_loc1_Fan_HP_1614011",
      "Fan_loc1_Fan_HP_1614004"
    ],
    "query": [
      "Fan_loc1_Fan_HP_1624009",
      "Fan_loc1_Fan_HP_1632001",
      "Fan_loc1_Fan_HP_1634004",
      "Fan_loc1_Fan_HP_1613010",
      "Fan_loc1_Fan_HP_1608004",
      "Fan_loc1_Fan_HP_1600009",
      "Fan_loc1_Fan_HP_1627008",
      "Fan_loc1_Fan_HP_1605001",
      "Fan_loc1_Fan_HP_1621005",
      "Fan_loc1_Fan_HP_1628006",
      "Fan_loc1_Fan_HP_1616002",
      "Fan_loc1_Fan_HP_1608006",
      "Fan_loc1_Fan_HP_1623007",
      "Fan_loc1_Fan_HP_1627001",
      "Fan_loc1_Fan_HP_1613003"
    ]
  },
  {
    "task_id": "task_Human_53",
    "subject": "Human",
    "user": "BrianK.andAndrew Two",
    "support": [
      "Human_BrianK.andAndrew Two_Running_HP_653017",
      "Human_BrianK.andAndrew Two_Intrusion_HP_645024",
      "Human_BrianK.andAndrew Two_Running_HP_650014",
      "Human_BrianK.andAndrew Two_Intrusion_HP_644015",
      "Human_BrianK.andAndrew Two_Walking_HP_663021"
    ],
    "query": [
      "Human_BrianK.andAndrew Two_Walking_HP_663018",
      "Human_BrianK.andAndrew Two_Running_HP_651012",
      "Human_BrianK.andAndrew Two_Walking_HP_662000",
      "Human_BrianK.andAndrew Two_Sneaking_HP_656010",
      "Human_BrianK.andAndrew Two_Walking_HP_662002",
      "Human_BrianK.andAndrew Two_Sneaking_HP_657018",
      "Human_BrianK.andAndrew Two_Intrusion_HP_642001",
      "Human_BrianK.andAndrew Two_Walking_HP_665014",
      "Human_BrianK.andAndrew Two_Intrusion_HP_645029",
      "Human_BrianK.andAndrew Two_Sneaking_HP_657007",
      "Human_BrianK.andAndrew Two_Sneaking_HP_655003",
      "Human_BrianK.andAndrew Two_Walking_HP_665019",
      "Human_BrianK.andAndrew Two_Intrusion_HP_645016",
      "Human_BrianK.andAndrew Two_Intrusion_HP_644009",
      "Human_BrianK.andAndrew Two_Intrusion_HP_647017"
    ]
  },
  {
    "task_id": "task_IRobot_54",
    "subject": "IRobot",
    "user": "4_13_2023",
    "support": [
      "IRobot_4_13_2023_Test_1_HP_830014",
      "IRobot_4_13_2023_Test_1_HP_793006",
      "IRobot_4_13_2023_Test_1_HP_799011",
      "IRobot_4_13_2023_Test_1_HP_779000",
      "IRobot_4_13_2023_Test_1_HP_816014"
    ],
    "query": [
      "IRobot_4_13_2023_Test_2_HP_841011",
      "IRobot_4_13_2023_Test_2_HP_839004",
      "IRobot_4_13_2023_Test_2_HP_839018",
      "IRobot_4_13_2023_Test_1_HP_782008",
      "IRobot_4_13_2023_Test_1_HP_783002",
      "IRobot_4_13_2023_Test_1_HP_818013",
      "IRobot_4_13_2023_Test_1_HP_808009",
      "IRobot_4_13_2023_Test_1_HP_779013",
      "IRobot_4_13_2023_Test_1_HP_811009",
      "IRobot_4_13_2023_Test_2_HP_840027",
      "IRobot_4_13_2023_Test_1_HP_821013",
      "IRobot_4_13_2023_Test_1_HP_796007",
      "IRobot_4_13_2023_Test_1_HP_786007",
      "IRobot_4_13_2023_Test_2_HP_837016",
      "IRobot_4_13_2023_Test_1_HP_792011"
    ]
  },
  {
    "task_id": "task_Pet_55",
    "subject": "Pet",
    "user": "tito",
    "support": [
      "Pet_tito_test1_HP_1560010",
      "Pet_tito_test4_HP_1579004",
      "Pet_tito_test3_HP_1570007",
      "Pet_tito_test3_HP_1571014",
      "Pet_tito_test5_HP_1585012"
    ],
    "query": [
      "Pet_tito_test7_HP_1597007",
      "Pet_tito_test6_HP_1592000",
      "Pet_tito_test2_HP_1569008",
      "Pet_tito_test3_HP_1573015",
      "Pet_tito_test5_HP_1582002",
      "Pet_tito_test6_HP_1590000",
      "Pet_tito_test5_HP_1585021",
      "Pet_tito_test6_HP_1588005",
      "Pet_tito_test5_HP_1585006",
      "Pet_tito_test1_HP_1563011",
      "Pet_tito_test5_HP_1587018",
      "Pet_tito_test3_HP_1570001",
      "Pet_tito_test2_HP_1566021",
      "Pet_tito_test5_HP_1586003",
      "Pet_tito_test5_HP_1586022"
    ]
  },
  {
    "task_id": "task_Fan_56",
    "subject": "Fan",
    "user": "4_13_2023",
    "support": [
      "Fan_4_13_2023_Test_1_HP_710007",
      "Fan_4_13_2023_Test_1_HP_709018",
      "Fan_4_13_2023_Test_1_HP_708039",
      "Fan_4_13_2023_Test_1_HP_712044",
      "Fan_4_13_2023_Test_1_HP_712037"
    ],
    "query": [
      "Fan_4_13_2023_Test_1_HP_709060",
      "Fan_4_13_2023_Test_1_HP_710009",
      "Fan_4_13_2023_Test_1_HP_713022",
      "Fan_4_13_2023_Test_1_HP_713044",
      "Fan_4_13_2023_Test_1_HP_713001",
      "Fan_4_13_2023_Test_1_HP_712011",
      "Fan_4_13_2023_Test_1_HP_713042",
      "Fan_4_13_2023_Test_1_HP_711006",
      "Fan_4_13_2023_Test_1_HP_708024",
      "Fan_4_13_2023_Test_1_HP_711007",
      "Fan_4_13_2023_Test_1_HP_711010",
      "Fan_4_13_2023_Test_1_HP_713034",
      "Fan_4_13_2023_Test_1_HP_710046",
      "Fan_4_13_2023_Test_1_HP_709014",
      "Fan_4_13_2023_Test_1_HP_709010"
    ]
  },
  {
    "task_id": "task_Human_57",
    "subject": "Human",
    "user": "Jesse",
    "support": [
      "Human_Jesse_Walking_HP_1435014",
      "Human_Jesse_Sneaking_HP_1426015",
      "Human_Jesse_Sneaking_HP_1428008",
      "Human_Jesse_Jogging_HP_1421021",
      "Human_Jesse_Combined_HP_1415015"
    ],
    "query": [
      "Human_Jesse_Combined_HP_1415024",
      "Human_Jesse_Sneaking_HP_1430008",
      "Human_Jesse_Combined_HP_1415027",
      "Human_Jesse_Jogging_HP_1423001",
      "Human_Jesse_Combined_HP_1419031",
      "Human_Jesse_Jogging_HP_1421000",
      "Human_Jesse_Jogging_HP_1423003",
      "Human_Jesse_Combined_HP_1419034",
      "Human_Jesse_Walking_HP_1435000",
      "Human_Jesse_Combined_HP_1414008",
      "Human_Jesse_Walking_HP_1436013",
      "Human_Jesse_Jogging_HP_1420005",
      "Human_Jesse_Walking_HP_1435011",
      "Human_Jesse_Sneaking_HP_1431012",
      "Human_Jesse_Combined_HP_1415003"
    ]
  },
  {
    "task_id": "task_IRobot_58",
    "subject": "IRobot",
    "user": "4_13_2023",
    "support": [
      "IRobot_4_13_2023_Test_1_HP_780005",
      "IRobot_4_13_2023_Test_2_HP_839041",
      "IRobot_4_13_2023_Test_1_HP_781004",
      "IRobot_4_13_2023_Test_2_HP_836002",
      "IRobot_4_13_2023_Test_1_HP_808009"
    ],
    "query": [
      "IRobot_4_13_2023_Test_2_HP_840053",
      "IRobot_4_13_2023_Test_1_HP_780008",
      "IRobot_4_13_2023_Test_1_HP_778009",
      "IRobot_4_13_2023_Test_1_HP_772003",
      "IRobot_4_13_2023_Test_1_HP_778002",
      "IRobot_4_13_2023_Test_1_HP_834001",
      "IRobot_4_13_2023_Test_1_HP_782011",
      "IRobot_4_13_2023_Test_2_HP_838037",
      "IRobot_4_13_2023_Test_2_HP_840010",
      "IRobot_4_13_2023_Test_1_HP_833012",
      "IRobot_4_13_2023_Test_1_HP_830014",
      "IRobot_4_13_2023_Test_1_HP_781003",
      "IRobot_4_13_2023_Test_1_HP_809000",
      "IRobot_4_13_2023_Test_2_HP_838040",
      "IRobot_4_13_2023_Test_1_HP_789011"
    ]
  },
  {
    "task_id": "task_Pet_59",
    "subject": "Pet",
    "user": "loc1",
    "support": [
      "Pet_loc1_Pet_HP_1667002",
      "Pet_loc1_Pet_HP_1703006",
      "Pet_loc1_Pet_HP_1672004",
      "Pet_loc1_Pet_HP_1737000",
      "Pet_loc1_Pet_HP_1689007"
    ],
    "query": [
      "Pet_loc1_Pet_HP_1692002",
      "Pet_loc1_Pet_HP_1673001",
      "Pet_loc1_Pet_HP_1682006",
      "Pet_loc1_Pet_HP_1656002",
      "Pet_loc1_Pet_HP_1677006",
      "Pet_loc1_Pet_HP_1746008",
      "Pet_loc1_Pet_HP_1643007",
      "Pet_loc1_Pet_HP_1675000",
      "Pet_loc1_Pet_HP_1733001",
      "Pet_loc1_Pet_HP_1721000",
      "Pet_loc1_Pet_HP_1665005",
      "Pet_loc1_Pet_HP_1687012",
      "Pet_loc1_Pet_HP_1711006",
      "Pet_loc1_Pet_HP_1724003",
      "Pet_loc1_Pet_HP_1638013"
    ]
  },
  {
    "task_id": "task_Fan_60",
    "subject": "Fan",
    "user": "4_13_2023",
    "support": [
      "Fan_4_13_2023_Test_1_HP_708008",
      "Fan_4_13_2023_Test_1_HP_708007",
      "Fan_4_13_2023_Test_1_HP_710026",
      "Fan_4_13_2023_Test_1_HP_710051",
      "Fan_4_13_2023_Test_1_HP_712049"
    ],
    "query": [
      "Fan_4_13_2023_Test_1_HP_713026",
      "Fan_4_13_2023_Test_1_HP_713002",
      "Fan_4_13_2023_Test_1_HP_711053",
      "Fan_4_13_2023_Test_1_HP_710035",
      "Fan_4_13_2023_Test_1_HP_709008",
      "Fan_4_13_2023_Test_1_HP_708024",
      "Fan_4_13_2023_Test_1_HP_711004",
      "Fan_4_13_2023_Test_1_HP_709048",
      "Fan_4_13_2023_Test_1_HP_708033",
      "Fan_4_13_2023_Test_1_HP_713057",
      "Fan_4_13_2023_Test_1_HP_709053",
      "Fan_4_13_2023_Test_1_HP_708003",
      "Fan_4_13_2023_Test_1_HP_711038",
      "Fan_4_13_2023_Test_1_HP_709021",
      "Fan_4_13_2023_Test_1_HP_711023"
    ]
  },
  {
    "task_id": "task_Human_61",
    "subject": "Human",
    "user": "Jesse",
    "support": [
      "Human_Jesse_Combined_HP_1415029",
      "Human_Jesse_Combined_HP_1417024",
      "Human_Jesse_Combined_HP_1419002",
      "Human_Jesse_Combined_HP_1418025",
      "Human_Jesse_Combined_HP_1415012"
    ],
    "query": [
      "Human_Jesse_Sneaking_HP_1431020",
      "Human_Jesse_Combined_HP_1418030",
      "Human_Jesse_Sneaking_HP_1430004",
      "Human_Jesse_Sneaking_HP_1429008",
      "Human_Jesse_Sneaking_HP_1426009",
      "Human_Jesse_Sneaking_HP_1426021",
      "Human_Jesse_Jogging_HP_1420022",
      "Human_Jesse_Sneaking_HP_1426017",
      "Human_Jesse_Jogging_HP_1422011",
      "Human_Jesse_Sneaking_HP_1427012",
      "Human_Jesse_Jogging_HP_1420004",
      "Human_Jesse_Combined_HP_1418019",
      "Human_Jesse_Jogging_HP_1424012",
      "Human_Jesse_Sneaking_HP_1430016",
      "Human_Jesse_Jogging_HP_1424010"
    ]
  },
  {
    "task_id": "task_IRobot_62",
    "subject": "IRobot",
    "user": "Bedroom",
    "support": [
      "IRobot_Bedroom_Test1_HP_1796016",
      "IRobot_Bedroom_Test1_HP_1796072",
      "IRobot_Bedroom_Test1_HP_1791051",
      "IRobot_Bedroom_Test1_HP_1801089",
      "IRobot_Bedroom_Test1_HP_1805092"
    ],
    "query": [
      "IRobot_Bedroom_Test1_HP_1791094",
      "IRobot_Bedroom_Test1_HP_1789081",
      "IRobot_Bedroom_Test1_HP_1782015",
      "IRobot_Bedroom_Test1_HP_1808045",
      "IRobot_Bedroom_Test1_HP_1804055",
      "IRobot_Bedroom_Test1_HP_1790045",
      "IRobot_Bedroom_Test1_HP_1791029",
      "IRobot_Bedroom_Test1_HP_1806047",
      "IRobot_Bedroom_Test1_HP_1796084",
      "IRobot_Bedroom_Test1_HP_1788015",
      "IRobot_Bedroom_Test1_HP_1793012",
      "IRobot_Bedroom_Test1_HP_1784044",
      "IRobot_Bedroom_Test1_HP_1801022",
      "IRobot_Bedroom_Test1_HP_1782029",
      "IRobot_Bedroom_Test1_HP_1782094"
    ]
  },
  {
    "task_id": "task_Pet_63",
    "subject": "Pet",
    "user": "Blaze",
    "support": [
      "Pet_Blaze_Test_5_HP_1491008",
      "Pet_Blaze_Test_1_HP_1462034",
      "Pet_Blaze_Test_4_HP_1485014",
      "Pet_Blaze_Test_2_HP_1471004",
      "Pet_Blaze_Test_3_HP_1479022"
    ],
    "query": [
      "Pet_Blaze_Test_4_HP_1480012",
      "Pet_Blaze_Test_2_HP_1469011",
      "Pet_Blaze_Test_3_HP_1478011",
      "Pet_Blaze_Test_5_HP_1491001",
      "Pet_Blaze_Test_4_HP_1484019",
      "Pet_Blaze_Test_2_HP_1470003",
      "Pet_Blaze_Test_1_HP_1466015",
      "Pet_Blaze_Test_2_HP_1471017",
      "Pet_Blaze_Test_3_HP_1474007",
      "Pet_Blaze_Test_1_HP_1465015",
      "Pet_Blaze_Test_6_HP_1494019",
      "Pet_Blaze_Test_4_HP_1481022",
      "Pet_Blaze_Test_6_HP_1493020",
      "Pet_Blaze_Test_3_HP_1479001",
      "Pet_Blaze_Test_1_HP_1465004"
    ]
  },
  {
    "task_id": "task_Fan_64",
    "subject": "Fan",
    "user": "4_13_2023",
    "support": [
      "Fan_4_13_2023_Test_1_HP_710001",
      "Fan_4_13_2023_Test_1_HP_709039",
      "Fan_4_13_2023_Test_1_HP_708032",
      "Fan_4_13_2023_Test_1_HP_708058",
      "Fan_4_13_2023_Test_1_HP_709035"
    ],
    "query": [
      "Fan_4_13_2023_Test_1_HP_713044",
      "Fan_4_13_2023_Test_1_HP_708053",
      "Fan_4_13_2023_Test_1_HP_712017",
      "Fan_4_13_2023_Test_1_HP_712054",
      "Fan_4_13_2023_Test_1_HP_709024",
      "Fan_4_13_2023_Test_1_HP_709001",
      "Fan_4_13_2023_Test_1_HP_710010",
      "Fan_4_13_2023_Test_1_HP_710040",
      "Fan_4_13_2023_Test_1_HP_709031",
      "Fan_4_13_2023_Test_1_HP_712047",
      "Fan_4_13_2023_Test_1_HP_711011",
      "Fan_4_13_2023_Test_1_HP_712043",
      "Fan_4_13_2023_Test_1_HP_711053",
      "Fan_4_13_2023_Test_1_HP_713013",
      "Fan_4_13_2023_Test_1_HP_709021"
    ]
  },
  {
    "task_id": "task_Human_65",
    "subject": "Human",
    "user": "BrianK.andAndrew Two",
    "support": [
      "Human_BrianK.andAndrew Two_Walking_HP_663023",
      "Human_BrianK.andAndrew Two_Sneaking_HP_658007",
      "Human_BrianK.andAndrew Two_Intrusion_HP_645006",
      "Human_BrianK.andAndrew Two_Walking_HP_662002",
      "Human_BrianK.andAndrew Two_Sneaking_HP_659008"
    ],
    "query": [
      "Human_BrianK.andAndrew Two_Intrusion_HP_644028",
      "Human_BrianK.andAndrew Two_Walking_HP_661017",
      "Human_BrianK.andAndrew Two_Walking_HP_662006",
      "Human_BrianK.andAndrew Two_Intrusion_HP_643027",
      "Human_BrianK.andAndrew Two_Walking_HP_660002",
      "Human_BrianK.andAndrew Two_Running_HP_653023",
      "Human_BrianK.andAndrew Two_Intrusion_HP_643002",
      "Human_BrianK.andAndrew Two_Intrusion_HP_643017",
      "Human_BrianK.andAndrew Two_Walking_HP_665017",
      "Human_BrianK.andAndrew Two_Sneaking_HP_658020",
      "Human_BrianK.andAndrew Two_Intrusion_HP_644006",
      "Human_BrianK.andAndrew Two_Sneaking_HP_654006",
      "Human_BrianK.andAndrew Two_Walking_HP_661022",
      "Human_BrianK.andAndrew Two_Sneaking_HP_654012",
      "Human_BrianK.andAndrew Two_Walking_HP_665002"
    ]
  },
  {
    "task_id": "task_IRobot_66",
    "subject": "IRobot",
    "user": "Bedroom",
    "support": [
      "IRobot_Bedroom_Test1_HP_1791023",
      "IRobot_Bedroom_Test1_HP_1805097",
      "IRobot_Bedroom_Test1_HP_1804037",
      "IRobot_Bedroom_Test1_HP_1786093",
      "IRobot_Bedroom_Test1_HP_1796067"
    ],
    "query": [
      "IRobot_Bedroom_Test1_HP_1785048",
      "IRobot_Bedroom_Test1_HP_1803006",
      "IRobot_Bedroom_Test1_HP_1803063",
      "IRobot_Bedroom_Test1_HP_1802007",
      "IRobot_Bedroom_Test1_HP_1807017",
      "IRobot_Bedroom_Test1_HP_1798061",
      "IRobot_Bedroom_Test1_HP_1784030",
      "IRobot_Bedroom_Test1_HP_1794010",
      "IRobot_Bedroom_Test1_HP_1808095",
      "IRobot_Bedroom_Test1_HP_1782019",
      "IRobot_Bedroom_Test1_HP_1780067",
      "IRobot_Bedroom_Test1_HP_1800024",
      "IRobot_Bedroom_Test1_HP_1786035",
      "IRobot_Bedroom_Test1_HP_1803094",
      "IRobot_Bedroom_Test1_HP_1800089"
    ]
  },
  {
    "task_id": "task_Pet_67",
    "subject": "Pet",
    "user": "tito",
    "support": [
      "Pet_tito_test5_HP_1582013",
      "Pet_tito_test4_HP_1577015",
      "Pet_tito_test7_HP_1599013",
      "Pet_tito_test2_HP_1567014",
      "Pet_tito_test2_HP_1567008"
    ],
    "query": [
      "Pet_tito_test5_HP_1582007",
      "Pet_tito_test6_HP_1593018",
      "Pet_tito_test3_HP_1573000",
      "Pet_tito_test3_HP_1572005",
      "Pet_tito_test3_HP_1575005",
      "Pet_tito_test2_HP_1569024",
      "Pet_tito_test4_HP_1580019",
      "Pet_tito_test5_HP_1587016",
      "Pet_tito_test5_HP_1584022",
      "Pet_tito_test7_HP_1596016",
      "Pet_tito_test6_HP_1589005",
      "Pet_tito_test7_HP_1597009",
      "Pet_tito_test5_HP_1586009",
      "Pet_tito_test2_HP_1564020",
      "Pet_tito_test6_HP_1588014"
    ]
  },
  {
    "task_id": "task_Fan_68",
    "subject": "Fan",
    "user": "4_13_2023",
    "support": [
      "Fan_4_13_2023_Test_1_HP_711031",
      "Fan_4_13_2023_Test_1_HP_709020",
      "Fan_4_13_2023_Test_1_HP_712013",
      "Fan_4_13_2023_Test_1_HP_712020",
      "Fan_4_13_2023_Test_1_HP_708032"
    ],
    "query": [
      "Fan_4_13_2023_Test_1_HP_711056",
      "Fan_4_13_2023_Test_1_HP_711029",
      "Fan_4_13_2023_Test_1_HP_711053",
      "Fan_4_13_2023_Test_1_HP_709009",
      "Fan_4_13_2023_Test_1_HP_708024",
      "Fan_4_13_2023_Test_1_HP_713007",
      "Fan_4_13_2023_Test_1_HP_709054",
      "Fan_4_13_2023_Test_1_HP_709047",
      "Fan_4_13_2023_Test_1_HP_710050",
      "Fan_4_13_2023_Test_1_HP_713055",
      "Fan_4_13_2023_Test_1_HP_712041",
      "Fan_4_13_2023_Test_1_HP_711018",
      "Fan_4_13_2023_Test_1_HP_709030",
      "Fan_4_13_2023_Test_1_HP_710025",
      "Fan_4_13_2023_Test_1_HP_708022"
    ]
  },
  {
    "task_id": "task_Human_69",
    "subject": "Human",
    "user": "BrianK.andAndrew Two",
    "support": [
      "Human_BrianK.andAndrew Two_Intrusion_HP_645017",
      "Human_BrianK.andAndrew Two_Running_HP_650020",
      "Human_BrianK.andAndrew Two_Intrusion_HP_643017",
      "Human_BrianK.andAndrew Two_Intrusion_HP_646016",
      "Human_BrianK.andAndrew Two_Running_HP_649017"
    ],
    "query": [
      "Human_BrianK.andAndrew Two_Sneaking_HP_655013",
      "Human_BrianK.andAndrew Two_Sneaking_HP_654000",
      "Human_BrianK.andAndrew Two_Intrusion_HP_642034",
      "Human_BrianK.andAndrew Two_Intrusion_HP_647033",
      "Human_BrianK.andAndrew Two_Walking_HP_662007",
      "Human_BrianK.andAndrew Two_Running_HP_653014",
      "Human_BrianK.andAndrew Two_Running_HP_649018",
      "Human_BrianK.andAndrew Two_Running_HP_650000",
      "Human_BrianK.andAndrew Two_Running_HP_651009",
      "Human_BrianK.andAndrew Two_Walking_HP_660003",
      "Human_BrianK.andAndrew Two_Sneaking_HP_656013",
      "Human_BrianK.andAndrew Two_Running_HP_652007",
      "Human_BrianK.andAndrew Two_Intrusion_HP_644025",
      "Human_BrianK.andAndrew Two_Intrusion_HP_642033",
      "Human_BrianK.andAndrew Two_Running_HP_649021"
    ]
  },
  {
    "task_id": "task_IRobot_70",
    "subject": "IRobot",
    "user": "4_13_2023",
    "support": [
      "IRobot_4_13_2023_Test_1_HP_810000",
      "IRobot_4_13_2023_Test_1_HP_784014",
      "IRobot_4_13_2023_Test_1_HP_806001",
      "IRobot_4_13_2023_Test_1_HP_811001",
      "IRobot_4_13_2023_Test_1_HP_768003"
    ],
    "query": [
      "IRobot_4_13_2023_Test_1_HP_775012",
      "IRobot_4_13_2023_Test_1_HP_799011",
      "IRobot_4_13_2023_Test_1_HP_778004",
      "IRobot_4_13_2023_Test_2_HP_840001",
      "IRobot_4_13_2023_Test_1_HP_821001",
      "IRobot_4_13_2023_Test_1_HP_832007",
      "IRobot_4_13_2023_Test_1_HP_805012",
      "IRobot_4_13_2023_Test_1_HP_790004",
      "IRobot_4_13_2023_Test_1_HP_799007",
      "IRobot_4_13_2023_Test_1_HP_797009",
      "IRobot_4_13_2023_Test_1_HP_798004",
      "IRobot_4_13_2023_Test_1_HP_806000",
      "IRobot_4_13_2023_Test_2_HP_836047",
      "IRobot_4_13_2023_Test_2_HP_839047",
      "IRobot_4_13_2023_Test_2_HP_836005"
    ]
  },
  {
    "task_id": "task_Pet_71",
    "subject": "Pet",
    "user": "loc1",
    "support": [
      "Pet_loc1_Pet_HP_1639009",
      "Pet_loc1_Pet_HP_1706002",
      "Pet_loc1_Pet_HP_1705003",
      "Pet_loc1_Pet_HP_1643008",
      "Pet_loc1_Pet_HP_1657009"
    ],
    "query": [
      "Pet_loc1_Pet_HP_1656013",
      "Pet_loc1_Pet_HP_1647008",
      "Pet_loc1_Pet_HP_1687006",
      "Pet_loc1_Pet_HP_1688000",
      "Pet_loc1_Pet_HP_1741005",
      "Pet_loc1_Pet_HP_1656011",
      "Pet_loc1_Pet_HP_1637010",
      "Pet_loc1_Pet_HP_1724007",
      "Pet_loc1_Pet_HP_1733011",
      "Pet_loc1_Pet_HP_1713001",
      "Pet_loc1_Pet_HP_1656001",
      "Pet_loc1_Pet_HP_1734005",
      "Pet_loc1_Pet_HP_1736009",
      "Pet_loc1_Pet_HP_1690004",
      "Pet_loc1_Pet_HP_1737007"
    ]
  },
  {
    "task_id": "task_Fan_72",
    "subject": "Fan",
    "user": "4_13_2023",
    "support": [
      "Fan_4_13_2023_Test_1_HP_709035",
      "Fan_4_13_2023_Test_1_HP_711050",
      "Fan_4_13_2023_Test_1_HP_708027",
      "Fan_4_13_2023_Test_1_HP_712042",
      "Fan_4_13_2023_Test_1_HP_708008"
    ],
    "query": [
      "Fan_4_13_2023_Test_1_HP_708048",
      "Fan_4_13_2023_Test_1_HP_712020",
      "Fan_4_13_2023_Test_1_HP_709041",
      "Fan_4_13_2023_Test_1_HP_713038",
      "Fan_4_13_2023_Test_1_HP_709009",
      "Fan_4_13_2023_Test_1_HP_712045",
      "Fan_4_13_2023_Test_1_HP_709026",
      "Fan_4_13_2023_Test_1_HP_710024",
      "Fan_4_13_2023_Test_1_HP_709053",
      "Fan_4_13_2023_Test_1_HP_709058",
      "Fan_4_13_2023_Test_1_HP_710022",
      "Fan_4_13_2023_Test_1_HP_713042",
      "Fan_4_13_2023_Test_1_HP_710029",
      "Fan_4_13_2023_Test_1_HP_708012",
      "Fan_4_13_2023_Test_1_HP_710040"
    ]
  },
  {
    "task_id": "task_Human_73",
    "subject": "Human",
    "user": "BrianK.andAndrew Two",
    "support": [
      "Human_BrianK.andAndrew Two_Sneaking_HP_655021",
      "Human_BrianK.andAndrew Two_Intrusion_HP_643017",
      "Human_BrianK.andAndrew Two_Walking_HP_665007",
      "Human_BrianK.andAndrew Two_Walking_HP_660022",
      "Human_BrianK.andAndrew Two_Intrusion_HP_647022"
    ],
    "query": [
      "Human_BrianK.andAndrew Two_Walking_HP_661009",
      "Human_BrianK.andAndrew Two_Sneaking_HP_656006",
      "Human_BrianK.andAndrew Two_Walking_HP_663008",
      "Human_BrianK.andAndrew Two_Walking_HP_665016",
      "Human_BrianK.andAndrew Two_Running_HP_652011",
      "Human_BrianK.andAndrew Two_Running_HP_652005",
      "Human_BrianK.andAndrew Two_Intrusion_HP_645024",
      "Human_BrianK.andAndrew Two_Intrusion_HP_642031",
      "Human_BrianK.andAndrew Two_Running_HP_652008",
      "Human_BrianK.andAndrew Two_Walking_HP_665000",
      "Human_BrianK.andAndrew Two_Running_HP_649004",
      "Human_BrianK.andAndrew Two_Intrusion_HP_647006",
      "Human_BrianK.andAndrew Two_Sneaking_HP_659009",
      "Human_BrianK.andAndrew Two_Running_HP_652019",
      "Human_BrianK.andAndrew Two_Intrusion_HP_647031"
    ]
  },
  {
    "task_id": "task_IRobot_74",
    "subject": "IRobot",
    "user": "Bedroom",
    "support": [
      "IRobot_Bedroom_Test1_HP_1781087",
      "IRobot_Bedroom_Test1_HP_1795003",
      "IRobot_Bedroom_Test1_HP_1802013",
      "IRobot_Bedroom_Test1_HP_1795025",
      "IRobot_Bedroom_Test1_HP_1798012"
    ],
    "query": [
      "IRobot_Bedroom_Test1_HP_1803061",
      "IRobot_Bedroom_Test1_HP_1787087",
      "IRobot_Bedroom_Test1_HP_1804038",
      "IRobot_Bedroom_Test1_HP_1780018",
      "IRobot_Bedroom_Test1_HP_1781035",
      "IRobot_Bedroom_Test1_HP_1793023",
      "IRobot_Bedroom_Test1_HP_1788072",
      "IRobot_Bedroom_Test1_HP_1787079",
      "IRobot_Bedroom_Test1_HP_1799013",
      "IRobot_Bedroom_Test1_HP_1804080",
      "IRobot_Bedroom_Test1_HP_1806029",
      "IRobot_Bedroom_Test1_HP_1800061",
      "IRobot_Bedroom_Test1_HP_1805041",
      "IRobot_Bedroom_Test1_HP_1784082",
      "IRobot_Bedroom_Test1_HP_1805069"
    ]
  },
  {
    "task_id": "task_Pet_75",
    "subject": "Pet",
    "user": "tito",
    "support": [
      "Pet_tito_test2_HP_1568012",
      "Pet_tito_test5_HP_1586006",
      "Pet_tito_test4_HP_1580012",
      "Pet_tito_test2_HP_1565020",
      "Pet_tito_test1_HP_1559000"
    ],
    "query": [
      "Pet_tito_test3_HP_1574005",
      "Pet_tito_test6_HP_1589001",
      "Pet_tito_test3_HP_1573018",
      "Pet_tito_test3_HP_1570018",
      "Pet_tito_test2_HP_1569004",
      "Pet_tito_test5_HP_1587002",
      "Pet_tito_test2_HP_1566005",
      "Pet_tito_test5_HP_1583005",
      "Pet_tito_test6_HP_1588022",
      "Pet_tito_test1_HP_1563009",
      "Pet_tito_test2_HP_1569022",
      "Pet_tito_test3_HP_1570010",
      "Pet_tito_test5_HP_1582010",
      "Pet_tito_test1_HP_1559004",
      "Pet_tito_test5_HP_1586020"
    ]
  },
  {
    "task_id": "task_Fan_76",
    "subject": "Fan",
    "user": "4_13_2023",
    "support": [
      "Fan_4_13_2023_Test_1_HP_709002",
      "Fan_4_13_2023_Test_1_HP_709049",
      "Fan_4_13_2023_Test_1_HP_713014",
      "Fan_4_13_2023_Test_1_HP_712047",
      "Fan_4_13_2023_Test_1_HP_711023"
    ],
    "query": [
      "Fan_4_13_2023_Test_1_HP_712024",
      "Fan_4_13_2023_Test_1_HP_713029",
      "Fan_4_13_2023_Test_1_HP_711045",
      "Fan_4_13_2023_Test_1_HP_712037",
      "Fan_4_13_2023_Test_1_HP_711013",
      "Fan_4_13_2023_Test_1_HP_713012",
      "Fan_4_13_2023_Test_1_HP_708052",
      "Fan_4_13_2023_Test_1_HP_710001",
      "Fan_4_13_2023_Test_1_HP_712017",
      "Fan_4_13_2023_Test_1_HP_708007",
      "Fan_4_13_2023_Test_1_HP_713044",
      "Fan_4_13_2023_Test_1_HP_712033",
      "Fan_4_13_2023_Test_1_HP_708047",
      "Fan_4_13_2023_Test_1_HP_712057",
      "Fan_4_13_2023_Test_1_HP_709043"
    ]
  },
  {
    "task_id": "task_Human_77",
    "subject": "Human",
    "user": "BrianK.andAndrew Two",
    "support": [
      "Human_BrianK.andAndrew Two_Intrusion_HP_645029",
      "Human_BrianK.andAndrew Two_Running_HP_652008",
      "Human_BrianK.andAndrew Two_Sneaking_HP_654000",
      "Human_BrianK.andAndrew Two_Running_HP_653002",
      "Human_BrianK.andAndrew Two_Intrusion_HP_645005"
    ],
    "query": [
      "Human_BrianK.andAndrew Two_Intrusion_HP_642017",
      "Human_BrianK.andAndrew Two_Running_HP_650014",
      "Human_BrianK.andAndrew Two_Walking_HP_665002",
      "Human_BrianK.andAndrew Two_Sneaking_HP_656023",
      "Human_BrianK.andAndrew Two_Walking_HP_665001",
      "Human_BrianK.andAndrew Two_Running_HP_648005",
      "Human_BrianK.andAndrew Two_Intrusion_HP_644020",
      "Human_BrianK.andAndrew Two_Running_HP_653008",
      "Human_BrianK.andAndrew Two_Walking_HP_662007",
      "Human_BrianK.andAndrew Two_Intrusion_HP_646013",
      "Human_BrianK.andAndrew Two_Intrusion_HP_643017",
      "Human_BrianK.andAndrew Two_Running_HP_650002",
      "Human_BrianK.andAndrew Two_Intrusion_HP_644001",
      "Human_BrianK.andAndrew Two_Walking_HP_663008",
      "Human_BrianK.andAndrew Two_Sneaking_HP_659007"
    ]
  },
  {
    "task_id": "task_IRobot_78",
    "subject": "IRobot",
    "user": "Bedroom",
    "support": [
      "IRobot_Bedroom_Test1_HP_1787081",
      "IRobot_Bedroom_Test1_HP_1798060",
      "IRobot_Bedroom_Test1_HP_1807092",
      "IRobot_Bedroom_Test1_HP_1806067",
      "IRobot_Bedroom_Test1_HP_1794089"
    ],
    "query": [
      "IRobot_Bedroom_Test1_HP_1807017",
      "IRobot_Bedroom_Test1_HP_1791022",
      "IRobot_Bedroom_Test1_HP_1808013",
      "IRobot_Bedroom_Test1_HP_1786009",
      "IRobot_Bedroom_Test1_HP_1809047",
      "IRobot_Bedroom_Test1_HP_1785071",
      "IRobot_Bedroom_Test1_HP_1798066",
      "IRobot_Bedroom_Test1_HP_1797075",
      "IRobot_Bedroom_Test1_HP_1790089",
      "IRobot_Bedroom_Test1_HP_1806059",
      "IRobot_Bedroom_Test1_HP_1790044",
      "IRobot_Bedroom_Test1_HP_1808069",
      "IRobot_Bedroom_Test1_HP_1785045",
      "IRobot_Bedroom_Test1_HP_1783075",
      "IRobot_Bedroom_Test1_HP_1792097"
    ]
  },
  {
    "task_id": "task_Pet_79",
    "subject": "Pet",
    "user": "tito",
    "support": [
      "Pet_tito_test1_HP_1559016",
      "Pet_tito_test1_HP_1562008",
      "Pet_tito_test6_HP_1590013",
      "Pet_tito_test6_HP_1593004",
      "Pet_tito_test7_HP_1596022"
    ],
    "query": [
      "Pet_tito_test7_HP_1599010",
      "Pet_tito_test6_HP_1590009",
      "Pet_tito_test7_HP_1595009",
      "Pet_tito_test3_HP_1575022",
      "Pet_tito_test5_HP_1582011",
      "Pet_tito_test2_HP_1564012",
      "Pet_tito_test2_HP_1564016",
      "Pet_tito_test6_HP_1591023",
      "Pet_tito_test7_HP_1599021",
      "Pet_tito_test2_HP_1567012",
      "Pet_tito_test7_HP_1594013",
      "Pet_tito_test3_HP_1570020",
      "Pet_tito_test1_HP_1563006",
      "Pet_tito_test1_HP_1563008",
      "Pet_tito_test2_HP_1565008"
    ]
  }
]