pipeline,task,model,experiment_id,best_epoch,avg_test_accuracy,test_cross_user_loss,test_cross_user_accuracy,test_cross_user_f1_score,test_cross_device_loss,test_cross_device_accuracy,test_cross_device_f1_score,test_cross_env_loss,test_cross_env_accuracy,test_cross_env_f1_score,test_loss,test_accuracy,test_f1_score,test_hard_loss,test_hard_accuracy,test_hard_f1_score,test_easy_loss,test_easy_accuracy,test_easy_f1_score,test_medium_loss,test_medium_accuracy,test_medium_f1_score
supervised,ProximityRecognition,mlp,params_00a579a8,49,0.36095878185965335,4.566654083035967,0.25284485151262837,0.1597910159798428,3.7831917919228846,0.2232365145228216,0.21107399338206306,2.723147871504151,0.2793857058476078,0.22805051732767812,0.8183133626977602,0.6883680555555556,0.6854923257830943,,,,,,,,,
supervised,ProximityRecognition,lstm,params_19448fa3,42,0.37494270820721975,3.347576949262566,0.2917013599777963,0.22976919393399067,3.4379347394610837,0.2616874135546335,0.24722088607546383,3.0196967289001364,0.2528056704075605,0.24015947500609014,0.7934085921280913,0.6935763888888888,0.692407549293395,,,,,,,,,
supervised,ProximityRecognition,resnet18,params_da93e43c,20,0.43446597029816814,2.6494768645356936,0.3205661948376353,0.2808555473921381,3.1090970574078223,0.30345781466113414,0.2938872023888878,2.797952382631129,0.32043709391612524,0.3055833710935544,0.5039865204857455,0.7934027777777778,0.7915137314471181,,,,,,,,,
supervised,ProximityRecognition,transformer,params_b0509362,79,0.3617529363956308,2.6139208065811674,0.28892589508742716,0.2257876332696024,2.4502020307596295,0.31092669432918396,0.2557706389299323,2.391726780416553,0.325457767277023,0.2727847270980144,1.0384727244575818,0.5217013888888888,0.49890000628625825,,,,,,,,,
supervised,ProximityRecognition,vit,params_2afdb4f9,83,0.4266988407959249,3.889441271507691,0.2908687205106855,0.20360912426901517,3.478432293978093,0.3380359612724758,0.3226540593176544,3.668489806939354,0.30271707028942707,0.2830365441003346,0.6636597162836956,0.7751736111111112,0.7758301039162991,,,,,,,,,
supervised,ProximityRecognition,patchtst,params_672c4eb6,76,0.41187471678600485,4.526925375659764,0.2867055231751318,0.2327843917955707,3.9664365730757205,0.32752420470262794,0.3189105296315914,4.288072913786373,0.271116361488482,0.2636971567176113,0.807985833276891,0.7621527777777778,0.7615095069736021,,,,,,,,,
supervised,ProximityRecognition,timesformer1d,params_a360a049,87,0.4149942219189101,4.056734030621704,0.3041909519844574,0.23515104411083987,4.32722187758234,0.2556016597510373,0.24972026161871863,3.7751096309428376,0.33195510927347904,0.3213950388289071,0.8902467042207718,0.7682291666666666,0.7674485716358723,,,,,,,,,
supervised,HumanIdentification,mlp,params_a8fcb0c0,69,0.39113184553181446,28.44560525657533,0.0,0.0,9.687303443042165,0.3695712309820194,0.3422899988537837,7.298845468221559,0.19669226225634967,0.32872655478775914,0.005228053995859911,0.9982638888888888,0.9982638888888888,,,,,,,,,
supervised,HumanIdentification,lstm,params_96f00d6b,97,0.43137769647760404,15.774571257566631,0.0,0.0,5.5462247038067005,0.5012448132780083,0.4567816614166016,8.603593486163565,0.22947430596574128,0.37328849387460966,0.030179315610780577,0.9947916666666666,0.9947885246972636,,,,,,,,,
supervised,HumanIdentification,resnet18,params_fa1a6a7d,26,0.3841782954108965,10.627791092655839,0.0,0.0,5.538479926669004,0.265283540802213,0.2249426025445562,5.296419319718178,0.2722976963969285,0.42804085422469823,0.008668122945522327,0.9991319444444444,0.9991318278448481,,,,,,,,,
supervised,HumanIdentification,transformer,params_5901f7b8,96,0.4204523982266224,16.05805298834088,0.0,0.0,8.148857136858549,0.35159059474412174,0.30750550060665643,7.733365298805909,0.33195510927347904,0.49844789356984487,0.005810660418062873,0.9982638888888888,0.9982668837846281,,,,,,,,,
supervised,HumanIdentification,vit,params_8376b818,67,0.42536798223698347,11.14816113058276,0.0,0.0,6.0321714057751965,0.366804979253112,0.3554714391529795,6.008846984332014,0.3372711163614885,0.5044169611307421,0.01782317924092543,0.9973958333333334,0.9973922443502848,,,,,,,,,
supervised,HumanIdentification,patchtst,params_6102ffcc,59,0.3371510560827378,11.514700187367596,0.0,0.0,7.849833283039392,0.20387275242047026,0.1719375552494297,8.68959713313119,0.14559952746603663,0.25418922402681104,0.006926530290507394,0.9991319444444444,0.9991318278448481,,,,,,,,,
supervised,HumanIdentification,timesformer1d,params_bf0441f6,68,0.400278782903023,11.753795427909468,0.0,0.0,6.891998083443049,0.34439834024896265,0.2926768611306719,8.382007711794195,0.26018901358535146,0.4129364893367706,0.03322686419697776,0.9965277777777778,0.9965148429289415,,,,,,,,,
supervised,HumanActivityRecognition,mlp,params_4a8f6754,99,0.5974507118459631,3.4192497036462792,0.6196198993851314,0.5432267178604401,2.7858083323737666,0.5106353591160221,0.49523979649574584,3.6272720313329936,0.4306234266252036,0.43853382929037066,0.6215795701750714,0.8289241622574955,0.8231545024414391,,,,,,,,,
supervised,HumanActivityRecognition,lstm,params_0d1ca1e5,81,0.596454654353484,2.808138700952918,0.5767188373392957,0.5181604058082577,2.8844943476211182,0.4852209944751381,0.46889916691284955,3.1241348411683223,0.5425736709610544,0.4862447562467591,0.814677010009039,0.781305114638448,0.7829479735617233,,,,,,,,,
supervised,HumanActivityRecognition,resnet18,params_4ba1c3ea,25,0.6453812648825975,2.305220418303576,0.6001956400223588,0.5201725496171331,2.3475790177832114,0.5287292817679557,0.4894316789269735,2.651389507516004,0.5782615134014512,0.5021786757187963,0.3811764417189901,0.8743386243386243,0.8695619050963774,,,,,,,,,
supervised,HumanActivityRecognition,transformer,params_41f76eff,66,0.5903818610195204,1.0853194296859776,0.6021520402459475,0.515549410931202,1.1202810661898133,0.5917127071823205,0.4962565755891762,1.2617073804559344,0.5446468236339405,0.4683753284772044,0.97927101663391,0.623015873015873,0.566888855440697,,,,,,,,,
supervised,HumanActivityRecognition,vit,params_7fcf5b76,89,0.5884985369283499,1.894140212162038,0.5637227501397428,0.49839355953494213,2.284307857476257,0.4234806629834254,0.4301179983078272,2.207857084371603,0.5224344735673034,0.5043096563315073,0.4185713779253514,0.8443562610229277,0.8368060264561505,,,,,,,,,
supervised,HumanActivityRecognition,patchtst,params_5ad50a0b,99,0.6030505075061384,2.5526640483121192,0.5718278367803242,0.5019972402580727,3.3131495517318377,0.4929558011049724,0.45404376492575704,3.1789064146953434,0.46734784540204355,0.4465186599701149,0.4680346376320094,0.8800705467372134,0.8799238193431556,,,,,,,,,
supervised,HumanActivityRecognition,timesformer1d,params_5ac2a1c6,100,0.5537081322010434,1.8152566644201205,0.5589714924538849,0.5346261458349786,2.3231235842987155,0.41325966850828727,0.4316968164211339,2.5382348772628776,0.4247001332741004,0.4354199046394232,0.5396246691965342,0.8179012345679012,0.8187181263832922,,,,,,,,,
supervised,MotionSourceRecognition,mlp,params_d0537c49,86,0.9890687857698122,,,,,,,,,,0.037442528193993206,0.9886221945137157,0.9886244827100756,0.0253897269146858,0.9918633034987795,0.9918665994162644,0.04541161413660645,0.9879518072289156,0.9879305540958496,0.039438020681865964,0.9878378378378379,0.9878567949193131
supervised,MotionSourceRecognition,lstm,params_c579fb8f,42,0.9782977928546607,,,,,,,,,,0.07126268504007947,0.9802057356608479,0.9802087170361181,0.09551569527211304,0.9715215622457283,0.9718498388898984,0.08123762517937441,0.9785809906291834,0.9829866753068408,0.06287121588186688,0.9828828828828828,0.9828746144036916
supervised,MotionSourceRecognition,resnet18,params_1f994ff2,43,0.9971992272385797,,,,,,,,,,0.0115431767284348,0.9975062344139651,0.9975062679817641,0.0043386313983755235,0.9975589910496339,0.997558490919044,0.035526334844224225,0.9959839357429718,0.9959817459436393,0.009502395001836887,0.9977477477477478,0.9977475104430488
supervised,MotionSourceRecognition,transformer,params_a222f2d6,97,0.9753031666514675,,,,,,,,,,0.10754410773957075,0.9766209476309227,0.9766449208775254,0.09114022937277018,0.9747762408462164,0.9756544957653404,0.09622018280822568,0.9718875502008032,0.9798506775698357,0.11398991366740684,0.9779279279279279,0.9779677890238557
supervised,MotionSourceRecognition,vit,params_11a038cd,93,0.9888666567059292,,,,,,,,,,0.05005002271639766,0.9881546134663342,0.9881509198109116,0.048650135633480175,0.9861676159479251,0.9861759880704731,0.015096240960808978,0.9933065595716198,0.9946118289107689,0.05631824994988337,0.9878378378378379,0.98782303092024
supervised,MotionSourceRecognition,patchtst,params_643be153,78,0.9803321242467471,,,,,,,,,,0.0795516215554638,0.9816084788029925,0.9816476174005646,0.09629978177868845,0.9780309194467046,0.9780781700268936,0.08021413754074969,0.9785809906291834,0.983753728374587,0.07480423587446755,0.9831081081081081,0.9832260335956123
supervised,MotionSourceRecognition,timesformer1d,params_0dac0144,80,0.9704680624979607,,,,,,,,,,0.09567450391550483,0.9727244389027432,0.9727956234455652,0.12463530053190323,0.9658258746948739,0.9665406175251721,0.10046516778539752,0.9678714859437751,0.9703633990805336,0.0868521039790541,0.9754504504504504,0.9756337977158815
